card1,card2,card3,theme,oracle,meaning
The Pearl,The Ear,The Inner Eye,,,
The Pearl,The Ear,The Shattered Shell,,,
The Pearl,The Ear,The Hearthstone,,,
The Pearl,The Ear,The Selkie,,,
The Pearl,The Ear,The Heart,,,
The Pearl,The Ear,The Satyr,,,
The Pearl,The Ear,The Cave,,,
The Pearl,The Ear,The Bone Skull,,,
The Pearl,The Ear,The Wheel,,,
The Pearl,The Ear,The Mirror,,,
The Pearl,The Ear,The Bat,,,
The Pearl,The Ear,The Thorn,,,
The Pearl,The Ear,The Angel,,,
The Pearl,The Ear,The Torch,,,
The Pearl,The Ear,The Lightning,,,
The Pearl,The Ear,The Starling,,,
The Pearl,The Ear,The Moon,,,
The Pearl,The Ear,The Sun,,,
The Pearl,The Ear,The Well,,,
The Pearl,The Ear,The Mountain,,,
The Pearl,The Ear,Atlas,,,
The Pearl,The Ear,The Hawk,,,
The Pearl,The Ear,The Storm,,,
The Pearl,The Ear,The Vulture,,,
The Pearl,The Ear,The Eye of Horus,,,
The Pearl,The Ear,The Goat,,,
The Pearl,The Ear,The Harpy,,,
The Pearl,The Inner Eye,The Shattered Shell,,,
The Pearl,The Inner Eye,The Hearthstone,,,
The Pearl,The Inner Eye,The Selkie,,,
The Pearl,The Inner Eye,The Heart,,,
The Pearl,The Inner Eye,The Satyr,,,
The Pearl,The Inner Eye,The Cave,,,
The Pearl,The Inner Eye,The Bone Skull,,,
The Pearl,The Inner Eye,The Wheel,,,
The Pearl,The Inner Eye,The Mirror,,,
The Pearl,The Inner Eye,The Bat,,,
The Pearl,The Inner Eye,The Thorn,,,
The Pearl,The Inner Eye,The Angel,,,
The Pearl,The Inner Eye,The Torch,,,
The Pearl,The Inner Eye,The Lightning,,,
The Pearl,The Inner Eye,The Starling,,,
The Pearl,The Inner Eye,The Moon,,,
The Pearl,The Inner Eye,The Sun,,,
The Pearl,The Inner Eye,The Well,,,
The Pearl,The Inner Eye,The Mountain,,,
The Pearl,The Inner Eye,Atlas,,,
The Pearl,The Inner Eye,The Hawk,,,
The Pearl,The Inner Eye,The Storm,,,
The Pearl,The Inner Eye,The Vulture,,,
The Pearl,The Inner Eye,The Eye of Horus,,,
The Pearl,The Inner Eye,The Goat,,,
The Pearl,The Inner Eye,The Harpy,,,
The Pearl,The Shattered Shell,The Hearthstone,,,
The Pearl,The Shattered Shell,The Selkie,,,
The Pearl,The Shattered Shell,The Heart,,,
The Pearl,The Shattered Shell,The Satyr,,,
The Pearl,The Shattered Shell,The Cave,,,
The Pearl,The Shattered Shell,The Bone Skull,,,
The Pearl,The Shattered Shell,The Wheel,,,
The Pearl,The Shattered Shell,The Mirror,,,
The Pearl,The Shattered Shell,The Bat,,,
The Pearl,The Shattered Shell,The Thorn,,,
The Pearl,The Shattered Shell,The Angel,,,
The Pearl,The Shattered Shell,The Torch,,,
The Pearl,The Shattered Shell,The Lightning,,,
The Pearl,The Shattered Shell,The Starling,,,
The Pearl,The Shattered Shell,The Moon,,,
The Pearl,The Shattered Shell,The Sun,,,
The Pearl,The Shattered Shell,The Well,,,
The Pearl,The Shattered Shell,The Mountain,,,
The Pearl,The Shattered Shell,Atlas,,,
The Pearl,The Shattered Shell,The Hawk,,,
The Pearl,The Shattered Shell,The Storm,,,
The Pearl,The Shattered Shell,The Vulture,,,
The Pearl,The Shattered Shell,The Eye of Horus,,,
The Pearl,The Shattered Shell,The Goat,,,
The Pearl,The Shattered Shell,The Harpy,,,
The Pearl,The Hearthstone,The Selkie,,,
The Pearl,The Hearthstone,The Heart,,,
The Pearl,The Hearthstone,The Satyr,,,
The Pearl,The Hearthstone,The Cave,,,
The Pearl,The Hearthstone,The Bone Skull,,,
The Pearl,The Hearthstone,The Wheel,,,
The Pearl,The Hearthstone,The Mirror,,,
The Pearl,The Hearthstone,The Bat,,,
The Pearl,The Hearthstone,The Thorn,,,
The Pearl,The Hearthstone,The Angel,,,
The Pearl,The Hearthstone,The Torch,,,
The Pearl,The Hearthstone,The Lightning,,,
The Pearl,The Hearthstone,The Starling,,,
The Pearl,The Hearthstone,The Moon,,,
The Pearl,The Hearthstone,The Sun,,,
The Pearl,The Hearthstone,The Well,,,
The Pearl,The Hearthstone,The Mountain,,,
The Pearl,The Hearthstone,Atlas,,,
The Pearl,The Hearthstone,The Hawk,,,
The Pearl,The Hearthstone,The Storm,,,
The Pearl,The Hearthstone,The Vulture,,,
The Pearl,The Hearthstone,The Eye of Horus,,,
The Pearl,The Hearthstone,The Goat,,,
The Pearl,The Hearthstone,The Harpy,,,
The Pearl,The Selkie,The Heart,,,
The Pearl,The Selkie,The Satyr,,,
The Pearl,The Selkie,The Cave,,,
The Pearl,The Selkie,The Bone Skull,,,
The Pearl,The Selkie,The Wheel,,,
The Pearl,The Selkie,The Mirror,,,
The Pearl,The Selkie,The Bat,,,
The Pearl,The Selkie,The Thorn,,,
The Pearl,The Selkie,The Angel,,,
The Pearl,The Selkie,The Torch,,,
The Pearl,The Selkie,The Lightning,,,
The Pearl,The Selkie,The Starling,,,
The Pearl,The Selkie,The Moon,,,
The Pearl,The Selkie,The Sun,,,
The Pearl,The Selkie,The Well,,,
The Pearl,The Selkie,The Mountain,,,
The Pearl,The Selkie,Atlas,,,
The Pearl,The Selkie,The Hawk,,,
The Pearl,The Selkie,The Storm,,,
The Pearl,The Selkie,The Vulture,,,
The Pearl,The Selkie,The Eye of Horus,,,
The Pearl,The Selkie,The Goat,,,
The Pearl,The Selkie,The Harpy,,,
The Pearl,The Heart,The Satyr,,,
The Pearl,The Heart,The Cave,,,
The Pearl,The Heart,The Bone Skull,,,
The Pearl,The Heart,The Wheel,,,
The Pearl,The Heart,The Mirror,,,
The Pearl,The Heart,The Bat,,,
The Pearl,The Heart,The Thorn,,,
The Pearl,The Heart,The Angel,,,
The Pearl,The Heart,The Torch,,,
The Pearl,The Heart,The Lightning,,,
The Pearl,The Heart,The Starling,,,
The Pearl,The Heart,The Moon,,,
The Pearl,The Heart,The Sun,,,
The Pearl,The Heart,The Well,,,
The Pearl,The Heart,The Mountain,,,
The Pearl,The Heart,Atlas,,,
The Pearl,The Heart,The Hawk,,,
The Pearl,The Heart,The Storm,,,
The Pearl,The Heart,The Vulture,,,
The Pearl,The Heart,The Eye of Horus,,,
The Pearl,The Heart,The Goat,,,
The Pearl,The Heart,The Harpy,,,
The Pearl,The Satyr,The Cave,,,
The Pearl,The Satyr,The Bone Skull,,,
The Pearl,The Satyr,The Wheel,,,
The Pearl,The Satyr,The Mirror,,,
The Pearl,The Satyr,The Bat,,,
The Pearl,The Satyr,The Thorn,,,
The Pearl,The Satyr,The Angel,,,
The Pearl,The Satyr,The Torch,,,
The Pearl,The Satyr,The Lightning,,,
The Pearl,The Satyr,The Starling,,,
The Pearl,The Satyr,The Moon,,,
The Pearl,The Satyr,The Sun,,,
The Pearl,The Satyr,The Well,,,
The Pearl,The Satyr,The Mountain,,,
The Pearl,The Satyr,Atlas,,,
The Pearl,The Satyr,The Hawk,,,
The Pearl,The Satyr,The Storm,,,
The Pearl,The Satyr,The Vulture,,,
The Pearl,The Satyr,The Eye of Horus,,,
The Pearl,The Satyr,The Goat,,,
The Pearl,The Satyr,The Harpy,,,
The Pearl,The Cave,The Bone Skull,,,
The Pearl,The Cave,The Wheel,,,
The Pearl,The Cave,The Mirror,,,
The Pearl,The Cave,The Bat,,,
The Pearl,The Cave,The Thorn,,,
The Pearl,The Cave,The Angel,,,
The Pearl,The Cave,The Torch,,,
The Pearl,The Cave,The Lightning,,,
The Pearl,The Cave,The Starling,,,
The Pearl,The Cave,The Moon,,,
The Pearl,The Cave,The Sun,,,
The Pearl,The Cave,The Well,,,
The Pearl,The Cave,The Mountain,,,
The Pearl,The Cave,Atlas,,,
The Pearl,The Cave,The Hawk,,,
The Pearl,The Cave,The Storm,,,
The Pearl,The Cave,The Vulture,,,
The Pearl,The Cave,The Eye of Horus,,,
The Pearl,The Cave,The Goat,,,
The Pearl,The Cave,The Harpy,,,
The Pearl,The Bone Skull,The Wheel,,,
The Pearl,The Bone Skull,The Mirror,,,
The Pearl,The Bone Skull,The Bat,,,
The Pearl,The Bone Skull,The Thorn,,,
The Pearl,The Bone Skull,The Angel,,,
The Pearl,The Bone Skull,The Torch,,,
The Pearl,The Bone Skull,The Lightning,,,
The Pearl,The Bone Skull,The Starling,,,
The Pearl,The Bone Skull,The Moon,,,
The Pearl,The Bone Skull,The Sun,,,
The Pearl,The Bone Skull,The Well,,,
The Pearl,The Bone Skull,The Mountain,,,
The Pearl,The Bone Skull,Atlas,,,
The Pearl,The Bone Skull,The Hawk,,,
The Pearl,The Bone Skull,The Storm,,,
The Pearl,The Bone Skull,The Vulture,,,
The Pearl,The Bone Skull,The Eye of Horus,,,
The Pearl,The Bone Skull,The Goat,,,
The Pearl,The Bone Skull,The Harpy,,,
The Pearl,The Wheel,The Mirror,,,
The Pearl,The Wheel,The Bat,,,
The Pearl,The Wheel,The Thorn,,,
The Pearl,The Wheel,The Angel,,,
The Pearl,The Wheel,The Torch,,,
The Pearl,The Wheel,The Lightning,,,
The Pearl,The Wheel,The Starling,,,
The Pearl,The Wheel,The Moon,,,
The Pearl,The Wheel,The Sun,,,
The Pearl,The Wheel,The Well,,,
The Pearl,The Wheel,The Mountain,,,
The Pearl,The Wheel,Atlas,,,
The Pearl,The Wheel,The Hawk,,,
The Pearl,The Wheel,The Storm,,,
The Pearl,The Wheel,The Vulture,,,
The Pearl,The Wheel,The Eye of Horus,,,
The Pearl,The Wheel,The Goat,,,
The Pearl,The Wheel,The Harpy,,,
The Pearl,The Mirror,The Bat,,,
The Pearl,The Mirror,The Thorn,,,
The Pearl,The Mirror,The Angel,,,
The Pearl,The Mirror,The Torch,,,
The Pearl,The Mirror,The Lightning,,,
The Pearl,The Mirror,The Starling,,,
The Pearl,The Mirror,The Moon,,,
The Pearl,The Mirror,The Sun,,,
The Pearl,The Mirror,The Well,,,
The Pearl,The Mirror,The Mountain,,,
The Pearl,The Mirror,Atlas,,,
The Pearl,The Mirror,The Hawk,,,
The Pearl,The Mirror,The Storm,,,
The Pearl,The Mirror,The Vulture,,,
The Pearl,The Mirror,The Eye of Horus,,,
The Pearl,The Mirror,The Goat,,,
The Pearl,The Mirror,The Harpy,,,
The Pearl,The Bat,The Thorn,,,
The Pearl,The Bat,The Angel,,,
The Pearl,The Bat,The Torch,,,
The Pearl,The Bat,The Lightning,,,
The Pearl,The Bat,The Starling,,,
The Pearl,The Bat,The Moon,,,
The Pearl,The Bat,The Sun,,,
The Pearl,The Bat,The Well,,,
The Pearl,The Bat,The Mountain,,,
The Pearl,The Bat,Atlas,,,
The Pearl,The Bat,The Hawk,,,
The Pearl,The Bat,The Storm,,,
The Pearl,The Bat,The Vulture,,,
The Pearl,The Bat,The Eye of Horus,,,
The Pearl,The Bat,The Goat,,,
The Pearl,The Bat,The Harpy,,,
The Pearl,The Thorn,The Angel,,,
The Pearl,The Thorn,The Torch,,,
The Pearl,The Thorn,The Lightning,,,
The Pearl,The Thorn,The Starling,,,
The Pearl,The Thorn,The Moon,,,
The Pearl,The Thorn,The Sun,,,
The Pearl,The Thorn,The Well,,,
The Pearl,The Thorn,The Mountain,,,
The Pearl,The Thorn,Atlas,,,
The Pearl,The Thorn,The Hawk,,,
The Pearl,The Thorn,The Storm,,,
The Pearl,The Thorn,The Vulture,,,
The Pearl,The Thorn,The Eye of Horus,,,
The Pearl,The Thorn,The Goat,,,
The Pearl,The Thorn,The Harpy,,,
The Pearl,The Angel,The Torch,,,
The Pearl,The Angel,The Lightning,,,
The Pearl,The Angel,The Starling,,,
The Pearl,The Angel,The Moon,,,
The Pearl,The Angel,The Sun,,,
The Pearl,The Angel,The Well,,,
The Pearl,The Angel,The Mountain,,,
The Pearl,The Angel,Atlas,,,
The Pearl,The Angel,The Hawk,,,
The Pearl,The Angel,The Storm,,,
The Pearl,The Angel,The Vulture,,,
The Pearl,The Angel,The Eye of Horus,,,
The Pearl,The Angel,The Goat,,,
The Pearl,The Angel,The Harpy,,,
The Pearl,The Torch,The Lightning,,,
The Pearl,The Torch,The Starling,,,
The Pearl,The Torch,The Moon,,,
The Pearl,The Torch,The Sun,,,
The Pearl,The Torch,The Well,,,
The Pearl,The Torch,The Mountain,,,
The Pearl,The Torch,Atlas,,,
The Pearl,The Torch,The Hawk,,,
The Pearl,The Torch,The Storm,,,
The Pearl,The Torch,The Vulture,,,
The Pearl,The Torch,The Eye of Horus,,,
The Pearl,The Torch,The Goat,,,
The Pearl,The Torch,The Harpy,,,
The Pearl,The Lightning,The Starling,,,
The Pearl,The Lightning,The Moon,,,
The Pearl,The Lightning,The Sun,,,
The Pearl,The Lightning,The Well,,,
The Pearl,The Lightning,The Mountain,,,
The Pearl,The Lightning,Atlas,,,
The Pearl,The Lightning,The Hawk,,,
The Pearl,The Lightning,The Storm,,,
The Pearl,The Lightning,The Vulture,,,
The Pearl,The Lightning,The Eye of Horus,,,
The Pearl,The Lightning,The Goat,,,
The Pearl,The Lightning,The Harpy,,,
The Pearl,The Starling,The Moon,,,
The Pearl,The Starling,The Sun,,,
The Pearl,The Starling,The Well,,,
The Pearl,The Starling,The Mountain,,,
The Pearl,The Starling,Atlas,,,
The Pearl,The Starling,The Hawk,,,
The Pearl,The Starling,The Storm,,,
The Pearl,The Starling,The Vulture,,,
The Pearl,The Starling,The Eye of Horus,,,
The Pearl,The Starling,The Goat,,,
The Pearl,The Starling,The Harpy,,,
The Pearl,The Moon,The Sun,,,
The Pearl,The Moon,The Well,,,
The Pearl,The Moon,The Mountain,,,
The Pearl,The Moon,Atlas,,,
The Pearl,The Moon,The Hawk,,,
The Pearl,The Moon,The Storm,,,
The Pearl,The Moon,The Vulture,,,
The Pearl,The Moon,The Eye of Horus,,,
The Pearl,The Moon,The Goat,,,
The Pearl,The Moon,The Harpy,,,
The Pearl,The Sun,The Well,,,
The Pearl,The Sun,The Mountain,,,
The Pearl,The Sun,Atlas,,,
The Pearl,The Sun,The Hawk,,,
The Pearl,The Sun,The Storm,,,
The Pearl,The Sun,The Vulture,,,
The Pearl,The Sun,The Eye of Horus,,,
The Pearl,The Sun,The Goat,,,
The Pearl,The Sun,The Harpy,,,
The Pearl,The Well,The Mountain,,,
The Pearl,The Well,Atlas,,,
The Pearl,The Well,The Hawk,,,
The Pearl,The Well,The Storm,,,
The Pearl,The Well,The Vulture,,,
The Pearl,The Well,The Eye of Horus,,,
The Pearl,The Well,The Goat,,,
The Pearl,The Well,The Harpy,,,
The Pearl,The Mountain,Atlas,,,
The Pearl,The Mountain,The Hawk,,,
The Pearl,The Mountain,The Storm,,,
The Pearl,The Mountain,The Vulture,,,
The Pearl,The Mountain,The Eye of Horus,,,
The Pearl,The Mountain,The Goat,,,
The Pearl,The Mountain,The Harpy,,,
The Pearl,Atlas,The Hawk,,,
The Pearl,Atlas,The Storm,,,
The Pearl,Atlas,The Vulture,,,
The Pearl,Atlas,The Eye of Horus,,,
The Pearl,Atlas,The Goat,,,
The Pearl,Atlas,The Harpy,,,
The Pearl,The Hawk,The Storm,,,
The Pearl,The Hawk,The Vulture,,,
The Pearl,The Hawk,The Eye of Horus,,,
The Pearl,The Hawk,The Goat,,,
The Pearl,The Hawk,The Harpy,,,
The Pearl,The Storm,The Vulture,,,
The Pearl,The Storm,The Eye of Horus,,,
The Pearl,The Storm,The Goat,,,
The Pearl,The Storm,The Harpy,,,
The Pearl,The Vulture,The Eye of Horus,,,
The Pearl,The Vulture,The Goat,,,
The Pearl,The Vulture,The Harpy,,,
The Pearl,The Eye of Horus,The Goat,,,
The Pearl,The Eye of Horus,The Harpy,,,
The Pearl,The Goat,The Harpy,,,
The Ear,The Inner Eye,The Shattered Shell,,,
The Ear,The Inner Eye,The Hearthstone,,,
The Ear,The Inner Eye,The Selkie,,,
The Ear,The Inner Eye,The Heart,,,
The Ear,The Inner Eye,The Satyr,,,
The Ear,The Inner Eye,The Cave,,,
The Ear,The Inner Eye,The Bone Skull,,,
The Ear,The Inner Eye,The Wheel,,,
The Ear,The Inner Eye,The Mirror,,,
The Ear,The Inner Eye,The Bat,,,
The Ear,The Inner Eye,The Thorn,,,
The Ear,The Inner Eye,The Angel,,,
The Ear,The Inner Eye,The Torch,,,
The Ear,The Inner Eye,The Lightning,,,
The Ear,The Inner Eye,The Starling,,,
The Ear,The Inner Eye,The Moon,,,
The Ear,The Inner Eye,The Sun,,,
The Ear,The Inner Eye,The Well,,,
The Ear,The Inner Eye,The Mountain,,,
The Ear,The Inner Eye,Atlas,,,
The Ear,The Inner Eye,The Hawk,,,
The Ear,The Inner Eye,The Storm,,,
The Ear,The Inner Eye,The Vulture,,,
The Ear,The Inner Eye,The Eye of Horus,,,
The Ear,The Inner Eye,The Goat,,,
The Ear,The Inner Eye,The Harpy,,,
The Ear,The Shattered Shell,The Hearthstone,,,
The Ear,The Shattered Shell,The Selkie,,,
The Ear,The Shattered Shell,The Heart,,,
The Ear,The Shattered Shell,The Satyr,,,
The Ear,The Shattered Shell,The Cave,,,
The Ear,The Shattered Shell,The Bone Skull,,,
The Ear,The Shattered Shell,The Wheel,,,
The Ear,The Shattered Shell,The Mirror,,,
The Ear,The Shattered Shell,The Bat,,,
The Ear,The Shattered Shell,The Thorn,,,
The Ear,The Shattered Shell,The Angel,,,
The Ear,The Shattered Shell,The Torch,,,
The Ear,The Shattered Shell,The Lightning,,,
The Ear,The Shattered Shell,The Starling,,,
The Ear,The Shattered Shell,The Moon,,,
The Ear,The Shattered Shell,The Sun,,,
The Ear,The Shattered Shell,The Well,,,
The Ear,The Shattered Shell,The Mountain,,,
The Ear,The Shattered Shell,Atlas,,,
The Ear,The Shattered Shell,The Hawk,,,
The Ear,The Shattered Shell,The Storm,,,
The Ear,The Shattered Shell,The Vulture,,,
The Ear,The Shattered Shell,The Eye of Horus,,,
The Ear,The Shattered Shell,The Goat,,,
The Ear,The Shattered Shell,The Harpy,,,
The Ear,The Hearthstone,The Selkie,,,
The Ear,The Hearthstone,The Heart,,,
The Ear,The Hearthstone,The Satyr,,,
The Ear,The Hearthstone,The Cave,,,
The Ear,The Hearthstone,The Bone Skull,,,
The Ear,The Hearthstone,The Wheel,,,
The Ear,The Hearthstone,The Mirror,,,
The Ear,The Hearthstone,The Bat,,,
The Ear,The Hearthstone,The Thorn,,,
The Ear,The Hearthstone,The Angel,,,
The Ear,The Hearthstone,The Torch,,,
The Ear,The Hearthstone,The Lightning,,,
The Ear,The Hearthstone,The Starling,,,
The Ear,The Hearthstone,The Moon,,,
The Ear,The Hearthstone,The Sun,,,
The Ear,The Hearthstone,The Well,,,
The Ear,The Hearthstone,The Mountain,,,
The Ear,The Hearthstone,Atlas,,,
The Ear,The Hearthstone,The Hawk,,,
The Ear,The Hearthstone,The Storm,,,
The Ear,The Hearthstone,The Vulture,,,
The Ear,The Hearthstone,The Eye of Horus,,,
The Ear,The Hearthstone,The Goat,,,
The Ear,The Hearthstone,The Harpy,,,
The Ear,The Selkie,The Heart,,,
The Ear,The Selkie,The Satyr,,,
The Ear,The Selkie,The Cave,,,
The Ear,The Selkie,The Bone Skull,,,
The Ear,The Selkie,The Wheel,,,
The Ear,The Selkie,The Mirror,,,
The Ear,The Selkie,The Bat,,,
The Ear,The Selkie,The Thorn,,,
The Ear,The Selkie,The Angel,,,
The Ear,The Selkie,The Torch,,,
The Ear,The Selkie,The Lightning,,,
The Ear,The Selkie,The Starling,,,
The Ear,The Selkie,The Moon,,,
The Ear,The Selkie,The Sun,,,
The Ear,The Selkie,The Well,,,
The Ear,The Selkie,The Mountain,,,
The Ear,The Selkie,Atlas,,,
The Ear,The Selkie,The Hawk,,,
The Ear,The Selkie,The Storm,,,
The Ear,The Selkie,The Vulture,,,
The Ear,The Selkie,The Eye of Horus,,,
The Ear,The Selkie,The Goat,,,
The Ear,The Selkie,The Harpy,,,
The Ear,The Heart,The Satyr,,,
The Ear,The Heart,The Cave,,,
The Ear,The Heart,The Bone Skull,,,
The Ear,The Heart,The Wheel,,,
The Ear,The Heart,The Mirror,,,
The Ear,The Heart,The Bat,,,
The Ear,The Heart,The Thorn,,,
The Ear,The Heart,The Angel,,,
The Ear,The Heart,The Torch,,,
The Ear,The Heart,The Lightning,,,
The Ear,The Heart,The Starling,,,
The Ear,The Heart,The Moon,,,
The Ear,The Heart,The Sun,,,
The Ear,The Heart,The Well,,,
The Ear,The Heart,The Mountain,,,
The Ear,The Heart,Atlas,,,
The Ear,The Heart,The Hawk,,,
The Ear,The Heart,The Storm,,,
The Ear,The Heart,The Vulture,,,
The Ear,The Heart,The Eye of Horus,,,
The Ear,The Heart,The Goat,,,
The Ear,The Heart,The Harpy,,,
The Ear,The Satyr,The Cave,,,
The Ear,The Satyr,The Bone Skull,,,
The Ear,The Satyr,The Wheel,,,
The Ear,The Satyr,The Mirror,,,
The Ear,The Satyr,The Bat,,,
The Ear,The Satyr,The Thorn,,,
The Ear,The Satyr,The Angel,,,
The Ear,The Satyr,The Torch,,,
The Ear,The Satyr,The Lightning,,,
The Ear,The Satyr,The Starling,,,
The Ear,The Satyr,The Moon,,,
The Ear,The Satyr,The Sun,,,
The Ear,The Satyr,The Well,,,
The Ear,The Satyr,The Mountain,,,
The Ear,The Satyr,Atlas,,,
The Ear,The Satyr,The Hawk,,,
The Ear,The Satyr,The Storm,,,
The Ear,The Satyr,The Vulture,,,
The Ear,The Satyr,The Eye of Horus,,,
The Ear,The Satyr,The Goat,,,
The Ear,The Satyr,The Harpy,,,
The Ear,The Cave,The Bone Skull,,,
The Ear,The Cave,The Wheel,,,
The Ear,The Cave,The Mirror,,,
The Ear,The Cave,The Bat,,,
The Ear,The Cave,The Thorn,,,
The Ear,The Cave,The Angel,,,
The Ear,The Cave,The Torch,,,
The Ear,The Cave,The Lightning,,,
The Ear,The Cave,The Starling,,,
The Ear,The Cave,The Moon,,,
The Ear,The Cave,The Sun,,,
The Ear,The Cave,The Well,,,
The Ear,The Cave,The Mountain,,,
The Ear,The Cave,Atlas,,,
The Ear,The Cave,The Hawk,,,
The Ear,The Cave,The Storm,,,
The Ear,The Cave,The Vulture,,,
The Ear,The Cave,The Eye of Horus,,,
The Ear,The Cave,The Goat,,,
The Ear,The Cave,The Harpy,,,
The Ear,The Bone Skull,The Wheel,,,
The Ear,The Bone Skull,The Mirror,,,
The Ear,The Bone Skull,The Bat,,,
The Ear,The Bone Skull,The Thorn,,,
The Ear,The Bone Skull,The Angel,,,
The Ear,The Bone Skull,The Torch,,,
The Ear,The Bone Skull,The Lightning,,,
The Ear,The Bone Skull,The Starling,,,
The Ear,The Bone Skull,The Moon,,,
The Ear,The Bone Skull,The Sun,,,
The Ear,The Bone Skull,The Well,,,
The Ear,The Bone Skull,The Mountain,,,
The Ear,The Bone Skull,Atlas,,,
The Ear,The Bone Skull,The Hawk,,,
The Ear,The Bone Skull,The Storm,,,
The Ear,The Bone Skull,The Vulture,,,
The Ear,The Bone Skull,The Eye of Horus,,,
The Ear,The Bone Skull,The Goat,,,
The Ear,The Bone Skull,The Harpy,,,
The Ear,The Wheel,The Mirror,,,
The Ear,The Wheel,The Bat,,,
The Ear,The Wheel,The Thorn,,,
The Ear,The Wheel,The Angel,,,
The Ear,The Wheel,The Torch,,,
The Ear,The Wheel,The Lightning,,,
The Ear,The Wheel,The Starling,,,
The Ear,The Wheel,The Moon,,,
The Ear,The Wheel,The Sun,,,
The Ear,The Wheel,The Well,,,
The Ear,The Wheel,The Mountain,,,
The Ear,The Wheel,Atlas,,,
The Ear,The Wheel,The Hawk,,,
The Ear,The Wheel,The Storm,,,
The Ear,The Wheel,The Vulture,,,
The Ear,The Wheel,The Eye of Horus,,,
The Ear,The Wheel,The Goat,,,
The Ear,The Wheel,The Harpy,,,
The Ear,The Mirror,The Bat,,,
The Ear,The Mirror,The Thorn,,,
The Ear,The Mirror,The Angel,,,
The Ear,The Mirror,The Torch,,,
The Ear,The Mirror,The Lightning,,,
The Ear,The Mirror,The Starling,,,
The Ear,The Mirror,The Moon,,,
The Ear,The Mirror,The Sun,,,
The Ear,The Mirror,The Well,,,
The Ear,The Mirror,The Mountain,,,
The Ear,The Mirror,Atlas,,,
The Ear,The Mirror,The Hawk,,,
The Ear,The Mirror,The Storm,,,
The Ear,The Mirror,The Vulture,,,
The Ear,The Mirror,The Eye of Horus,,,
The Ear,The Mirror,The Goat,,,
The Ear,The Mirror,The Harpy,,,
The Ear,The Bat,The Thorn,,,
The Ear,The Bat,The Angel,,,
The Ear,The Bat,The Torch,,,
The Ear,The Bat,The Lightning,,,
The Ear,The Bat,The Starling,,,
The Ear,The Bat,The Moon,,,
The Ear,The Bat,The Sun,,,
The Ear,The Bat,The Well,,,
The Ear,The Bat,The Mountain,,,
The Ear,The Bat,Atlas,,,
The Ear,The Bat,The Hawk,,,
The Ear,The Bat,The Storm,,,
The Ear,The Bat,The Vulture,,,
The Ear,The Bat,The Eye of Horus,,,
The Ear,The Bat,The Goat,,,
The Ear,The Bat,The Harpy,,,
The Ear,The Thorn,The Angel,,,
The Ear,The Thorn,The Torch,,,
The Ear,The Thorn,The Lightning,,,
The Ear,The Thorn,The Starling,,,
The Ear,The Thorn,The Moon,,,
The Ear,The Thorn,The Sun,,,
The Ear,The Thorn,The Well,,,
The Ear,The Thorn,The Mountain,,,
The Ear,The Thorn,Atlas,,,
The Ear,The Thorn,The Hawk,,,
The Ear,The Thorn,The Storm,,,
The Ear,The Thorn,The Vulture,,,
The Ear,The Thorn,The Eye of Horus,,,
The Ear,The Thorn,The Goat,,,
The Ear,The Thorn,The Harpy,,,
The Ear,The Angel,The Torch,,,
The Ear,The Angel,The Lightning,,,
The Ear,The Angel,The Starling,,,
The Ear,The Angel,The Moon,,,
The Ear,The Angel,The Sun,,,
The Ear,The Angel,The Well,,,
The Ear,The Angel,The Mountain,,,
The Ear,The Angel,Atlas,,,
The Ear,The Angel,The Hawk,,,
The Ear,The Angel,The Storm,,,
The Ear,The Angel,The Vulture,,,
The Ear,The Angel,The Eye of Horus,,,
The Ear,The Angel,The Goat,,,
The Ear,The Angel,The Harpy,,,
The Ear,The Torch,The Lightning,,,
The Ear,The Torch,The Starling,,,
The Ear,The Torch,The Moon,,,
The Ear,The Torch,The Sun,,,
The Ear,The Torch,The Well,,,
The Ear,The Torch,The Mountain,,,
The Ear,The Torch,Atlas,,,
The Ear,The Torch,The Hawk,,,
The Ear,The Torch,The Storm,,,
The Ear,The Torch,The Vulture,,,
The Ear,The Torch,The Eye of Horus,,,
The Ear,The Torch,The Goat,,,
The Ear,The Torch,The Harpy,,,
The Ear,The Lightning,The Starling,,,
The Ear,The Lightning,The Moon,,,
The Ear,The Lightning,The Sun,,,
The Ear,The Lightning,The Well,,,
The Ear,The Lightning,The Mountain,,,
The Ear,The Lightning,Atlas,,,
The Ear,The Lightning,The Hawk,,,
The Ear,The Lightning,The Storm,,,
The Ear,The Lightning,The Vulture,,,
The Ear,The Lightning,The Eye of Horus,,,
The Ear,The Lightning,The Goat,,,
The Ear,The Lightning,The Harpy,,,
The Ear,The Starling,The Moon,,,
The Ear,The Starling,The Sun,,,
The Ear,The Starling,The Well,,,
The Ear,The Starling,The Mountain,,,
The Ear,The Starling,Atlas,,,
The Ear,The Starling,The Hawk,,,
The Ear,The Starling,The Storm,,,
The Ear,The Starling,The Vulture,,,
The Ear,The Starling,The Eye of Horus,,,
The Ear,The Starling,The Goat,,,
The Ear,The Starling,The Harpy,,,
The Ear,The Moon,The Sun,,,
The Ear,The Moon,The Well,,,
The Ear,The Moon,The Mountain,,,
The Ear,The Moon,Atlas,,,
The Ear,The Moon,The Hawk,,,
The Ear,The Moon,The Storm,,,
The Ear,The Moon,The Vulture,,,
The Ear,The Moon,The Eye of Horus,,,
The Ear,The Moon,The Goat,,,
The Ear,The Moon,The Harpy,,,
The Ear,The Sun,The Well,,,
The Ear,The Sun,The Mountain,,,
The Ear,The Sun,Atlas,,,
The Ear,The Sun,The Hawk,,,
The Ear,The Sun,The Storm,,,
The Ear,The Sun,The Vulture,,,
The Ear,The Sun,The Eye of Horus,,,
The Ear,The Sun,The Goat,,,
The Ear,The Sun,The Harpy,,,
The Ear,The Well,The Mountain,,,
The Ear,The Well,Atlas,,,
The Ear,The Well,The Hawk,,,
The Ear,The Well,The Storm,,,
The Ear,The Well,The Vulture,,,
The Ear,The Well,The Eye of Horus,,,
The Ear,The Well,The Goat,,,
The Ear,The Well,The Harpy,,,
The Ear,The Mountain,Atlas,,,
The Ear,The Mountain,The Hawk,,,
The Ear,The Mountain,The Storm,,,
The Ear,The Mountain,The Vulture,,,
The Ear,The Mountain,The Eye of Horus,,,
The Ear,The Mountain,The Goat,,,
The Ear,The Mountain,The Harpy,,,
The Ear,Atlas,The Hawk,,,
The Ear,Atlas,The Storm,,,
The Ear,Atlas,The Vulture,,,
The Ear,Atlas,The Eye of Horus,,,
The Ear,Atlas,The Goat,,,
The Ear,Atlas,The Harpy,,,
The Ear,The Hawk,The Storm,,,
The Ear,The Hawk,The Vulture,,,
The Ear,The Hawk,The Eye of Horus,,,
The Ear,The Hawk,The Goat,,,
The Ear,The Hawk,The Harpy,,,
The Ear,The Storm,The Vulture,,,
The Ear,The Storm,The Eye of Horus,,,
The Ear,The Storm,The Goat,,,
The Ear,The Storm,The Harpy,,,
The Ear,The Vulture,The Eye of Horus,,,
The Ear,The Vulture,The Goat,,,
The Ear,The Vulture,The Harpy,,,
The Ear,The Eye of Horus,The Goat,,,
The Ear,The Eye of Horus,The Harpy,,,
The Ear,The Goat,The Harpy,,,
The Inner Eye,The Shattered Shell,The Hearthstone,,,
The Inner Eye,The Shattered Shell,The Selkie,,,
The Inner Eye,The Shattered Shell,The Heart,,,
The Inner Eye,The Shattered Shell,The Satyr,,,
The Inner Eye,The Shattered Shell,The Cave,,,
The Inner Eye,The Shattered Shell,The Bone Skull,,,
The Inner Eye,The Shattered Shell,The Wheel,,,
The Inner Eye,The Shattered Shell,The Mirror,,,
The Inner Eye,The Shattered Shell,The Bat,,,
The Inner Eye,The Shattered Shell,The Thorn,,,
The Inner Eye,The Shattered Shell,The Angel,,,
The Inner Eye,The Shattered Shell,The Torch,,,
The Inner Eye,The Shattered Shell,The Lightning,,,
The Inner Eye,The Shattered Shell,The Starling,,,
The Inner Eye,The Shattered Shell,The Moon,,,
The Inner Eye,The Shattered Shell,The Sun,,,
The Inner Eye,The Shattered Shell,The Well,,,
The Inner Eye,The Shattered Shell,The Mountain,,,
The Inner Eye,The Shattered Shell,Atlas,,,
The Inner Eye,The Shattered Shell,The Hawk,,,
The Inner Eye,The Shattered Shell,The Storm,,,
The Inner Eye,The Shattered Shell,The Vulture,,,
The Inner Eye,The Shattered Shell,The Eye of Horus,,,
The Inner Eye,The Shattered Shell,The Goat,,,
The Inner Eye,The Shattered Shell,The Harpy,,,
The Inner Eye,The Hearthstone,The Selkie,,,
The Inner Eye,The Hearthstone,The Heart,,,
The Inner Eye,The Hearthstone,The Satyr,,,
The Inner Eye,The Hearthstone,The Cave,,,
The Inner Eye,The Hearthstone,The Bone Skull,,,
The Inner Eye,The Hearthstone,The Wheel,,,
The Inner Eye,The Hearthstone,The Mirror,,,
The Inner Eye,The Hearthstone,The Bat,,,
The Inner Eye,The Hearthstone,The Thorn,,,
The Inner Eye,The Hearthstone,The Angel,,,
The Inner Eye,The Hearthstone,The Torch,,,
The Inner Eye,The Hearthstone,The Lightning,,,
The Inner Eye,The Hearthstone,The Starling,,,
The Inner Eye,The Hearthstone,The Moon,,,
The Inner Eye,The Hearthstone,The Sun,,,
The Inner Eye,The Hearthstone,The Well,,,
The Inner Eye,The Hearthstone,The Mountain,,,
The Inner Eye,The Hearthstone,Atlas,,,
The Inner Eye,The Hearthstone,The Hawk,,,
The Inner Eye,The Hearthstone,The Storm,,,
The Inner Eye,The Hearthstone,The Vulture,,,
The Inner Eye,The Hearthstone,The Eye of Horus,,,
The Inner Eye,The Hearthstone,The Goat,,,
The Inner Eye,The Hearthstone,The Harpy,,,
The Inner Eye,The Selkie,The Heart,,,
The Inner Eye,The Selkie,The Satyr,,,
The Inner Eye,The Selkie,The Cave,,,
The Inner Eye,The Selkie,The Bone Skull,,,
The Inner Eye,The Selkie,The Wheel,,,
The Inner Eye,The Selkie,The Mirror,,,
The Inner Eye,The Selkie,The Bat,,,
The Inner Eye,The Selkie,The Thorn,,,
The Inner Eye,The Selkie,The Angel,,,
The Inner Eye,The Selkie,The Torch,,,
The Inner Eye,The Selkie,The Lightning,,,
The Inner Eye,The Selkie,The Starling,,,
The Inner Eye,The Selkie,The Moon,,,
The Inner Eye,The Selkie,The Sun,,,
The Inner Eye,The Selkie,The Well,,,
The Inner Eye,The Selkie,The Mountain,,,
The Inner Eye,The Selkie,Atlas,,,
The Inner Eye,The Selkie,The Hawk,,,
The Inner Eye,The Selkie,The Storm,,,
The Inner Eye,The Selkie,The Vulture,,,
The Inner Eye,The Selkie,The Eye of Horus,,,
The Inner Eye,The Selkie,The Goat,,,
The Inner Eye,The Selkie,The Harpy,,,
The Inner Eye,The Heart,The Satyr,,,
The Inner Eye,The Heart,The Cave,,,
The Inner Eye,The Heart,The Bone Skull,,,
The Inner Eye,The Heart,The Wheel,,,
The Inner Eye,The Heart,The Mirror,,,
The Inner Eye,The Heart,The Bat,,,
The Inner Eye,The Heart,The Thorn,,,
The Inner Eye,The Heart,The Angel,,,
The Inner Eye,The Heart,The Torch,,,
The Inner Eye,The Heart,The Lightning,,,
The Inner Eye,The Heart,The Starling,,,
The Inner Eye,The Heart,The Moon,,,
The Inner Eye,The Heart,The Sun,,,
The Inner Eye,The Heart,The Well,,,
The Inner Eye,The Heart,The Mountain,,,
The Inner Eye,The Heart,Atlas,,,
The Inner Eye,The Heart,The Hawk,,,
The Inner Eye,The Heart,The Storm,,,
The Inner Eye,The Heart,The Vulture,,,
The Inner Eye,The Heart,The Eye of Horus,,,
The Inner Eye,The Heart,The Goat,,,
The Inner Eye,The Heart,The Harpy,,,
The Inner Eye,The Satyr,The Cave,,,
The Inner Eye,The Satyr,The Bone Skull,,,
The Inner Eye,The Satyr,The Wheel,,,
The Inner Eye,The Satyr,The Mirror,,,
The Inner Eye,The Satyr,The Bat,,,
The Inner Eye,The Satyr,The Thorn,,,
The Inner Eye,The Satyr,The Angel,,,
The Inner Eye,The Satyr,The Torch,,,
The Inner Eye,The Satyr,The Lightning,,,
The Inner Eye,The Satyr,The Starling,,,
The Inner Eye,The Satyr,The Moon,,,
The Inner Eye,The Satyr,The Sun,,,
The Inner Eye,The Satyr,The Well,,,
The Inner Eye,The Satyr,The Mountain,,,
The Inner Eye,The Satyr,Atlas,,,
The Inner Eye,The Satyr,The Hawk,,,
The Inner Eye,The Satyr,The Storm,,,
The Inner Eye,The Satyr,The Vulture,,,
The Inner Eye,The Satyr,The Eye of Horus,,,
The Inner Eye,The Satyr,The Goat,,,
The Inner Eye,The Satyr,The Harpy,,,
The Inner Eye,The Cave,The Bone Skull,,,
The Inner Eye,The Cave,The Wheel,,,
The Inner Eye,The Cave,The Mirror,,,
The Inner Eye,The Cave,The Bat,,,
The Inner Eye,The Cave,The Thorn,,,
The Inner Eye,The Cave,The Angel,,,
The Inner Eye,The Cave,The Torch,,,
The Inner Eye,The Cave,The Lightning,,,
The Inner Eye,The Cave,The Starling,,,
The Inner Eye,The Cave,The Moon,,,
The Inner Eye,The Cave,The Sun,,,
The Inner Eye,The Cave,The Well,,,
The Inner Eye,The Cave,The Mountain,,,
The Inner Eye,The Cave,Atlas,,,
The Inner Eye,The Cave,The Hawk,,,
The Inner Eye,The Cave,The Storm,,,
The Inner Eye,The Cave,The Vulture,,,
The Inner Eye,The Cave,The Eye of Horus,,,
The Inner Eye,The Cave,The Goat,,,
The Inner Eye,The Cave,The Harpy,,,
The Inner Eye,The Bone Skull,The Wheel,,,
The Inner Eye,The Bone Skull,The Mirror,,,
The Inner Eye,The Bone Skull,The Bat,,,
The Inner Eye,The Bone Skull,The Thorn,,,
The Inner Eye,The Bone Skull,The Angel,,,
The Inner Eye,The Bone Skull,The Torch,,,
The Inner Eye,The Bone Skull,The Lightning,,,
The Inner Eye,The Bone Skull,The Starling,,,
The Inner Eye,The Bone Skull,The Moon,,,
The Inner Eye,The Bone Skull,The Sun,,,
The Inner Eye,The Bone Skull,The Well,,,
The Inner Eye,The Bone Skull,The Mountain,,,
The Inner Eye,The Bone Skull,Atlas,,,
The Inner Eye,The Bone Skull,The Hawk,,,
The Inner Eye,The Bone Skull,The Storm,,,
The Inner Eye,The Bone Skull,The Vulture,,,
The Inner Eye,The Bone Skull,The Eye of Horus,,,
The Inner Eye,The Bone Skull,The Goat,,,
The Inner Eye,The Bone Skull,The Harpy,,,
The Inner Eye,The Wheel,The Mirror,,,
The Inner Eye,The Wheel,The Bat,,,
The Inner Eye,The Wheel,The Thorn,,,
The Inner Eye,The Wheel,The Angel,,,
The Inner Eye,The Wheel,The Torch,,,
The Inner Eye,The Wheel,The Lightning,,,
The Inner Eye,The Wheel,The Starling,,,
The Inner Eye,The Wheel,The Moon,,,
The Inner Eye,The Wheel,The Sun,,,
The Inner Eye,The Wheel,The Well,,,
The Inner Eye,The Wheel,The Mountain,,,
The Inner Eye,The Wheel,Atlas,,,
The Inner Eye,The Wheel,The Hawk,,,
The Inner Eye,The Wheel,The Storm,,,
The Inner Eye,The Wheel,The Vulture,,,
The Inner Eye,The Wheel,The Eye of Horus,,,
The Inner Eye,The Wheel,The Goat,,,
The Inner Eye,The Wheel,The Harpy,,,
The Inner Eye,The Mirror,The Bat,,,
The Inner Eye,The Mirror,The Thorn,,,
The Inner Eye,The Mirror,The Angel,,,
The Inner Eye,The Mirror,The Torch,,,
The Inner Eye,The Mirror,The Lightning,,,
The Inner Eye,The Mirror,The Starling,,,
The Inner Eye,The Mirror,The Moon,,,
The Inner Eye,The Mirror,The Sun,,,
The Inner Eye,The Mirror,The Well,,,
The Inner Eye,The Mirror,The Mountain,,,
The Inner Eye,The Mirror,Atlas,,,
The Inner Eye,The Mirror,The Hawk,,,
The Inner Eye,The Mirror,The Storm,,,
The Inner Eye,The Mirror,The Vulture,,,
The Inner Eye,The Mirror,The Eye of Horus,,,
The Inner Eye,The Mirror,The Goat,,,
The Inner Eye,The Mirror,The Harpy,,,
The Inner Eye,The Bat,The Thorn,,,
The Inner Eye,The Bat,The Angel,,,
The Inner Eye,The Bat,The Torch,,,
The Inner Eye,The Bat,The Lightning,,,
The Inner Eye,The Bat,The Starling,,,
The Inner Eye,The Bat,The Moon,,,
The Inner Eye,The Bat,The Sun,,,
The Inner Eye,The Bat,The Well,,,
The Inner Eye,The Bat,The Mountain,,,
The Inner Eye,The Bat,Atlas,,,
The Inner Eye,The Bat,The Hawk,,,
The Inner Eye,The Bat,The Storm,,,
The Inner Eye,The Bat,The Vulture,,,
The Inner Eye,The Bat,The Eye of Horus,,,
The Inner Eye,The Bat,The Goat,,,
The Inner Eye,The Bat,The Harpy,,,
The Inner Eye,The Thorn,The Angel,,,
The Inner Eye,The Thorn,The Torch,,,
The Inner Eye,The Thorn,The Lightning,,,
The Inner Eye,The Thorn,The Starling,,,
The Inner Eye,The Thorn,The Moon,,,
The Inner Eye,The Thorn,The Sun,,,
The Inner Eye,The Thorn,The Well,,,
The Inner Eye,The Thorn,The Mountain,,,
The Inner Eye,The Thorn,Atlas,,,
The Inner Eye,The Thorn,The Hawk,,,
The Inner Eye,The Thorn,The Storm,,,
The Inner Eye,The Thorn,The Vulture,,,
The Inner Eye,The Thorn,The Eye of Horus,,,
The Inner Eye,The Thorn,The Goat,,,
The Inner Eye,The Thorn,The Harpy,,,
The Inner Eye,The Angel,The Torch,,,
The Inner Eye,The Angel,The Lightning,,,
The Inner Eye,The Angel,The Starling,,,
The Inner Eye,The Angel,The Moon,,,
The Inner Eye,The Angel,The Sun,,,
The Inner Eye,The Angel,The Well,,,
The Inner Eye,The Angel,The Mountain,,,
The Inner Eye,The Angel,Atlas,,,
The Inner Eye,The Angel,The Hawk,,,
The Inner Eye,The Angel,The Storm,,,
The Inner Eye,The Angel,The Vulture,,,
The Inner Eye,The Angel,The Eye of Horus,,,
The Inner Eye,The Angel,The Goat,,,
The Inner Eye,The Angel,The Harpy,,,
The Inner Eye,The Torch,The Lightning,,,
The Inner Eye,The Torch,The Starling,,,
The Inner Eye,The Torch,The Moon,,,
The Inner Eye,The Torch,The Sun,,,
The Inner Eye,The Torch,The Well,,,
The Inner Eye,The Torch,The Mountain,,,
The Inner Eye,The Torch,Atlas,,,
The Inner Eye,The Torch,The Hawk,,,
The Inner Eye,The Torch,The Storm,,,
The Inner Eye,The Torch,The Vulture,,,
The Inner Eye,The Torch,The Eye of Horus,,,
The Inner Eye,The Torch,The Goat,,,
The Inner Eye,The Torch,The Harpy,,,
The Inner Eye,The Lightning,The Starling,,,
The Inner Eye,The Lightning,The Moon,,,
The Inner Eye,The Lightning,The Sun,,,
The Inner Eye,The Lightning,The Well,,,
The Inner Eye,The Lightning,The Mountain,,,
The Inner Eye,The Lightning,Atlas,,,
The Inner Eye,The Lightning,The Hawk,,,
The Inner Eye,The Lightning,The Storm,,,
The Inner Eye,The Lightning,The Vulture,,,
The Inner Eye,The Lightning,The Eye of Horus,,,
The Inner Eye,The Lightning,The Goat,,,
The Inner Eye,The Lightning,The Harpy,,,
The Inner Eye,The Starling,The Moon,,,
The Inner Eye,The Starling,The Sun,,,
The Inner Eye,The Starling,The Well,,,
The Inner Eye,The Starling,The Mountain,,,
The Inner Eye,The Starling,Atlas,,,
The Inner Eye,The Starling,The Hawk,,,
The Inner Eye,The Starling,The Storm,,,
The Inner Eye,The Starling,The Vulture,,,
The Inner Eye,The Starling,The Eye of Horus,,,
The Inner Eye,The Starling,The Goat,,,
The Inner Eye,The Starling,The Harpy,,,
The Inner Eye,The Moon,The Sun,,,
The Inner Eye,The Moon,The Well,,,
The Inner Eye,The Moon,The Mountain,,,
The Inner Eye,The Moon,Atlas,,,
The Inner Eye,The Moon,The Hawk,,,
The Inner Eye,The Moon,The Storm,,,
The Inner Eye,The Moon,The Vulture,,,
The Inner Eye,The Moon,The Eye of Horus,,,
The Inner Eye,The Moon,The Goat,,,
The Inner Eye,The Moon,The Harpy,,,
The Inner Eye,The Sun,The Well,,,
The Inner Eye,The Sun,The Mountain,,,
The Inner Eye,The Sun,Atlas,,,
The Inner Eye,The Sun,The Hawk,,,
The Inner Eye,The Sun,The Storm,,,
The Inner Eye,The Sun,The Vulture,,,
The Inner Eye,The Sun,The Eye of Horus,,,
The Inner Eye,The Sun,The Goat,,,
The Inner Eye,The Sun,The Harpy,,,
The Inner Eye,The Well,The Mountain,,,
The Inner Eye,The Well,Atlas,,,
The Inner Eye,The Well,The Hawk,,,
The Inner Eye,The Well,The Storm,,,
The Inner Eye,The Well,The Vulture,,,
The Inner Eye,The Well,The Eye of Horus,,,
The Inner Eye,The Well,The Goat,,,
The Inner Eye,The Well,The Harpy,,,
The Inner Eye,The Mountain,Atlas,,,
The Inner Eye,The Mountain,The Hawk,,,
The Inner Eye,The Mountain,The Storm,,,
The Inner Eye,The Mountain,The Vulture,,,
The Inner Eye,The Mountain,The Eye of Horus,,,
The Inner Eye,The Mountain,The Goat,,,
The Inner Eye,The Mountain,The Harpy,,,
The Inner Eye,Atlas,The Hawk,,,
The Inner Eye,Atlas,The Storm,,,
The Inner Eye,Atlas,The Vulture,,,
The Inner Eye,Atlas,The Eye of Horus,,,
The Inner Eye,Atlas,The Goat,,,
The Inner Eye,Atlas,The Harpy,,,
The Inner Eye,The Hawk,The Storm,,,
The Inner Eye,The Hawk,The Vulture,,,
The Inner Eye,The Hawk,The Eye of Horus,,,
The Inner Eye,The Hawk,The Goat,,,
The Inner Eye,The Hawk,The Harpy,,,
The Inner Eye,The Storm,The Vulture,,,
The Inner Eye,The Storm,The Eye of Horus,,,
The Inner Eye,The Storm,The Goat,,,
The Inner Eye,The Storm,The Harpy,,,
The Inner Eye,The Vulture,The Eye of Horus,,,
The Inner Eye,The Vulture,The Goat,,,
The Inner Eye,The Vulture,The Harpy,,,
The Inner Eye,The Eye of Horus,The Goat,,,
The Inner Eye,The Eye of Horus,The Harpy,,,
The Inner Eye,The Goat,The Harpy,,,
The Shattered Shell,The Hearthstone,The Selkie,,,
The Shattered Shell,The Hearthstone,The Heart,,,
The Shattered Shell,The Hearthstone,The Satyr,,,
The Shattered Shell,The Hearthstone,The Cave,,,
The Shattered Shell,The Hearthstone,The Bone Skull,,,
The Shattered Shell,The Hearthstone,The Wheel,,,
The Shattered Shell,The Hearthstone,The Mirror,,,
The Shattered Shell,The Hearthstone,The Bat,,,
The Shattered Shell,The Hearthstone,The Thorn,,,
The Shattered Shell,The Hearthstone,The Angel,,,
The Shattered Shell,The Hearthstone,The Torch,,,
The Shattered Shell,The Hearthstone,The Lightning,,,
The Shattered Shell,The Hearthstone,The Starling,,,
The Shattered Shell,The Hearthstone,The Moon,,,
The Shattered Shell,The Hearthstone,The Sun,,,
The Shattered Shell,The Hearthstone,The Well,,,
The Shattered Shell,The Hearthstone,The Mountain,,,
The Shattered Shell,The Hearthstone,Atlas,,,
The Shattered Shell,The Hearthstone,The Hawk,,,
The Shattered Shell,The Hearthstone,The Storm,,,
The Shattered Shell,The Hearthstone,The Vulture,,,
The Shattered Shell,The Hearthstone,The Eye of Horus,,,
The Shattered Shell,The Hearthstone,The Goat,,,
The Shattered Shell,The Hearthstone,The Harpy,,,
The Shattered Shell,The Selkie,The Heart,,,
The Shattered Shell,The Selkie,The Satyr,,,
The Shattered Shell,The Selkie,The Cave,,,
The Shattered Shell,The Selkie,The Bone Skull,,,
The Shattered Shell,The Selkie,The Wheel,,,
The Shattered Shell,The Selkie,The Mirror,,,
The Shattered Shell,The Selkie,The Bat,,,
The Shattered Shell,The Selkie,The Thorn,,,
The Shattered Shell,The Selkie,The Angel,,,
The Shattered Shell,The Selkie,The Torch,,,
The Shattered Shell,The Selkie,The Lightning,,,
The Shattered Shell,The Selkie,The Starling,,,
The Shattered Shell,The Selkie,The Moon,,,
The Shattered Shell,The Selkie,The Sun,,,
The Shattered Shell,The Selkie,The Well,,,
The Shattered Shell,The Selkie,The Mountain,,,
The Shattered Shell,The Selkie,Atlas,,,
The Shattered Shell,The Selkie,The Hawk,,,
The Shattered Shell,The Selkie,The Storm,,,
The Shattered Shell,The Selkie,The Vulture,,,
The Shattered Shell,The Selkie,The Eye of Horus,,,
The Shattered Shell,The Selkie,The Goat,,,
The Shattered Shell,The Selkie,The Harpy,,,
The Shattered Shell,The Heart,The Satyr,,,
The Shattered Shell,The Heart,The Cave,,,
The Shattered Shell,The Heart,The Bone Skull,,,
The Shattered Shell,The Heart,The Wheel,,,
The Shattered Shell,The Heart,The Mirror,,,
The Shattered Shell,The Heart,The Bat,,,
The Shattered Shell,The Heart,The Thorn,,,
The Shattered Shell,The Heart,The Angel,,,
The Shattered Shell,The Heart,The Torch,,,
The Shattered Shell,The Heart,The Lightning,,,
The Shattered Shell,The Heart,The Starling,,,
The Shattered Shell,The Heart,The Moon,,,
The Shattered Shell,The Heart,The Sun,,,
The Shattered Shell,The Heart,The Well,,,
The Shattered Shell,The Heart,The Mountain,,,
The Shattered Shell,The Heart,Atlas,,,
The Shattered Shell,The Heart,The Hawk,,,
The Shattered Shell,The Heart,The Storm,,,
The Shattered Shell,The Heart,The Vulture,,,
The Shattered Shell,The Heart,The Eye of Horus,,,
The Shattered Shell,The Heart,The Goat,,,
The Shattered Shell,The Heart,The Harpy,,,
The Shattered Shell,The Satyr,The Cave,,,
The Shattered Shell,The Satyr,The Bone Skull,,,
The Shattered Shell,The Satyr,The Wheel,,,
The Shattered Shell,The Satyr,The Mirror,,,
The Shattered Shell,The Satyr,The Bat,,,
The Shattered Shell,The Satyr,The Thorn,,,
The Shattered Shell,The Satyr,The Angel,,,
The Shattered Shell,The Satyr,The Torch,,,
The Shattered Shell,The Satyr,The Lightning,,,
The Shattered Shell,The Satyr,The Starling,,,
The Shattered Shell,The Satyr,The Moon,,,
The Shattered Shell,The Satyr,The Sun,,,
The Shattered Shell,The Satyr,The Well,,,
The Shattered Shell,The Satyr,The Mountain,,,
The Shattered Shell,The Satyr,Atlas,,,
The Shattered Shell,The Satyr,The Hawk,,,
The Shattered Shell,The Satyr,The Storm,,,
The Shattered Shell,The Satyr,The Vulture,,,
The Shattered Shell,The Satyr,The Eye of Horus,,,
The Shattered Shell,The Satyr,The Goat,,,
The Shattered Shell,The Satyr,The Harpy,,,
The Shattered Shell,The Cave,The Bone Skull,,,
The Shattered Shell,The Cave,The Wheel,,,
The Shattered Shell,The Cave,The Mirror,,,
The Shattered Shell,The Cave,The Bat,,,
The Shattered Shell,The Cave,The Thorn,,,
The Shattered Shell,The Cave,The Angel,,,
The Shattered Shell,The Cave,The Torch,,,
The Shattered Shell,The Cave,The Lightning,,,
The Shattered Shell,The Cave,The Starling,,,
The Shattered Shell,The Cave,The Moon,,,
The Shattered Shell,The Cave,The Sun,,,
The Shattered Shell,The Cave,The Well,,,
The Shattered Shell,The Cave,The Mountain,,,
The Shattered Shell,The Cave,Atlas,,,
The Shattered Shell,The Cave,The Hawk,,,
The Shattered Shell,The Cave,The Storm,,,
The Shattered Shell,The Cave,The Vulture,,,
The Shattered Shell,The Cave,The Eye of Horus,,,
The Shattered Shell,The Cave,The Goat,,,
The Shattered Shell,The Cave,The Harpy,,,
The Shattered Shell,The Bone Skull,The Wheel,,,
The Shattered Shell,The Bone Skull,The Mirror,,,
The Shattered Shell,The Bone Skull,The Bat,,,
The Shattered Shell,The Bone Skull,The Thorn,,,
The Shattered Shell,The Bone Skull,The Angel,,,
The Shattered Shell,The Bone Skull,The Torch,,,
The Shattered Shell,The Bone Skull,The Lightning,,,
The Shattered Shell,The Bone Skull,The Starling,,,
The Shattered Shell,The Bone Skull,The Moon,,,
The Shattered Shell,The Bone Skull,The Sun,,,
The Shattered Shell,The Bone Skull,The Well,,,
The Shattered Shell,The Bone Skull,The Mountain,,,
The Shattered Shell,The Bone Skull,Atlas,,,
The Shattered Shell,The Bone Skull,The Hawk,,,
The Shattered Shell,The Bone Skull,The Storm,,,
The Shattered Shell,The Bone Skull,The Vulture,,,
The Shattered Shell,The Bone Skull,The Eye of Horus,,,
The Shattered Shell,The Bone Skull,The Goat,,,
The Shattered Shell,The Bone Skull,The Harpy,,,
The Shattered Shell,The Wheel,The Mirror,,,
The Shattered Shell,The Wheel,The Bat,,,
The Shattered Shell,The Wheel,The Thorn,,,
The Shattered Shell,The Wheel,The Angel,,,
The Shattered Shell,The Wheel,The Torch,,,
The Shattered Shell,The Wheel,The Lightning,,,
The Shattered Shell,The Wheel,The Starling,,,
The Shattered Shell,The Wheel,The Moon,,,
The Shattered Shell,The Wheel,The Sun,,,
The Shattered Shell,The Wheel,The Well,,,
The Shattered Shell,The Wheel,The Mountain,,,
The Shattered Shell,The Wheel,Atlas,,,
The Shattered Shell,The Wheel,The Hawk,,,
The Shattered Shell,The Wheel,The Storm,,,
The Shattered Shell,The Wheel,The Vulture,,,
The Shattered Shell,The Wheel,The Eye of Horus,,,
The Shattered Shell,The Wheel,The Goat,,,
The Shattered Shell,The Wheel,The Harpy,,,
The Shattered Shell,The Mirror,The Bat,,,
The Shattered Shell,The Mirror,The Thorn,,,
The Shattered Shell,The Mirror,The Angel,,,
The Shattered Shell,The Mirror,The Torch,,,
The Shattered Shell,The Mirror,The Lightning,,,
The Shattered Shell,The Mirror,The Starling,,,
The Shattered Shell,The Mirror,The Moon,,,
The Shattered Shell,The Mirror,The Sun,,,
The Shattered Shell,The Mirror,The Well,,,
The Shattered Shell,The Mirror,The Mountain,,,
The Shattered Shell,The Mirror,Atlas,,,
The Shattered Shell,The Mirror,The Hawk,,,
The Shattered Shell,The Mirror,The Storm,,,
The Shattered Shell,The Mirror,The Vulture,,,
The Shattered Shell,The Mirror,The Eye of Horus,,,
The Shattered Shell,The Mirror,The Goat,,,
The Shattered Shell,The Mirror,The Harpy,,,
The Shattered Shell,The Bat,The Thorn,,,
The Shattered Shell,The Bat,The Angel,,,
The Shattered Shell,The Bat,The Torch,,,
The Shattered Shell,The Bat,The Lightning,,,
The Shattered Shell,The Bat,The Starling,,,
The Shattered Shell,The Bat,The Moon,,,
The Shattered Shell,The Bat,The Sun,,,
The Shattered Shell,The Bat,The Well,,,
The Shattered Shell,The Bat,The Mountain,,,
The Shattered Shell,The Bat,Atlas,,,
The Shattered Shell,The Bat,The Hawk,,,
The Shattered Shell,The Bat,The Storm,,,
The Shattered Shell,The Bat,The Vulture,,,
The Shattered Shell,The Bat,The Eye of Horus,,,
The Shattered Shell,The Bat,The Goat,,,
The Shattered Shell,The Bat,The Harpy,,,
The Shattered Shell,The Thorn,The Angel,,,
The Shattered Shell,The Thorn,The Torch,,,
The Shattered Shell,The Thorn,The Lightning,,,
The Shattered Shell,The Thorn,The Starling,,,
The Shattered Shell,The Thorn,The Moon,,,
The Shattered Shell,The Thorn,The Sun,,,
The Shattered Shell,The Thorn,The Well,,,
The Shattered Shell,The Thorn,The Mountain,,,
The Shattered Shell,The Thorn,Atlas,,,
The Shattered Shell,The Thorn,The Hawk,,,
The Shattered Shell,The Thorn,The Storm,,,
The Shattered Shell,The Thorn,The Vulture,,,
The Shattered Shell,The Thorn,The Eye of Horus,,,
The Shattered Shell,The Thorn,The Goat,,,
The Shattered Shell,The Thorn,The Harpy,,,
The Shattered Shell,The Angel,The Torch,,,
The Shattered Shell,The Angel,The Lightning,,,
The Shattered Shell,The Angel,The Starling,,,
The Shattered Shell,The Angel,The Moon,,,
The Shattered Shell,The Angel,The Sun,,,
The Shattered Shell,The Angel,The Well,,,
The Shattered Shell,The Angel,The Mountain,,,
The Shattered Shell,The Angel,Atlas,,,
The Shattered Shell,The Angel,The Hawk,,,
The Shattered Shell,The Angel,The Storm,,,
The Shattered Shell,The Angel,The Vulture,,,
The Shattered Shell,The Angel,The Eye of Horus,,,
The Shattered Shell,The Angel,The Goat,,,
The Shattered Shell,The Angel,The Harpy,,,
The Shattered Shell,The Torch,The Lightning,,,
The Shattered Shell,The Torch,The Starling,,,
The Shattered Shell,The Torch,The Moon,,,
The Shattered Shell,The Torch,The Sun,,,
The Shattered Shell,The Torch,The Well,,,
The Shattered Shell,The Torch,The Mountain,,,
The Shattered Shell,The Torch,Atlas,,,
The Shattered Shell,The Torch,The Hawk,,,
The Shattered Shell,The Torch,The Storm,,,
The Shattered Shell,The Torch,The Vulture,,,
The Shattered Shell,The Torch,The Eye of Horus,,,
The Shattered Shell,The Torch,The Goat,,,
The Shattered Shell,The Torch,The Harpy,,,
The Shattered Shell,The Lightning,The Starling,,,
The Shattered Shell,The Lightning,The Moon,,,
The Shattered Shell,The Lightning,The Sun,,,
The Shattered Shell,The Lightning,The Well,,,
The Shattered Shell,The Lightning,The Mountain,,,
The Shattered Shell,The Lightning,Atlas,,,
The Shattered Shell,The Lightning,The Hawk,,,
The Shattered Shell,The Lightning,The Storm,,,
The Shattered Shell,The Lightning,The Vulture,,,
The Shattered Shell,The Lightning,The Eye of Horus,,,
The Shattered Shell,The Lightning,The Goat,,,
The Shattered Shell,The Lightning,The Harpy,,,
The Shattered Shell,The Starling,The Moon,,,
The Shattered Shell,The Starling,The Sun,,,
The Shattered Shell,The Starling,The Well,,,
The Shattered Shell,The Starling,The Mountain,,,
The Shattered Shell,The Starling,Atlas,,,
The Shattered Shell,The Starling,The Hawk,,,
The Shattered Shell,The Starling,The Storm,,,
The Shattered Shell,The Starling,The Vulture,,,
The Shattered Shell,The Starling,The Eye of Horus,,,
The Shattered Shell,The Starling,The Goat,,,
The Shattered Shell,The Starling,The Harpy,,,
The Shattered Shell,The Moon,The Sun,,,
The Shattered Shell,The Moon,The Well,,,
The Shattered Shell,The Moon,The Mountain,,,
The Shattered Shell,The Moon,Atlas,,,
The Shattered Shell,The Moon,The Hawk,,,
The Shattered Shell,The Moon,The Storm,,,
The Shattered Shell,The Moon,The Vulture,,,
The Shattered Shell,The Moon,The Eye of Horus,,,
The Shattered Shell,The Moon,The Goat,,,
The Shattered Shell,The Moon,The Harpy,,,
The Shattered Shell,The Sun,The Well,,,
The Shattered Shell,The Sun,The Mountain,,,
The Shattered Shell,The Sun,Atlas,,,
The Shattered Shell,The Sun,The Hawk,,,
The Shattered Shell,The Sun,The Storm,,,
The Shattered Shell,The Sun,The Vulture,,,
The Shattered Shell,The Sun,The Eye of Horus,,,
The Shattered Shell,The Sun,The Goat,,,
The Shattered Shell,The Sun,The Harpy,,,
The Shattered Shell,The Well,The Mountain,,,
The Shattered Shell,The Well,Atlas,,,
The Shattered Shell,The Well,The Hawk,,,
The Shattered Shell,The Well,The Storm,,,
The Shattered Shell,The Well,The Vulture,,,
The Shattered Shell,The Well,The Eye of Horus,,,
The Shattered Shell,The Well,The Goat,,,
The Shattered Shell,The Well,The Harpy,,,
The Shattered Shell,The Mountain,Atlas,,,
The Shattered Shell,The Mountain,The Hawk,,,
The Shattered Shell,The Mountain,The Storm,,,
The Shattered Shell,The Mountain,The Vulture,,,
The Shattered Shell,The Mountain,The Eye of Horus,,,
The Shattered Shell,The Mountain,The Goat,,,
The Shattered Shell,The Mountain,The Harpy,,,
The Shattered Shell,Atlas,The Hawk,,,
The Shattered Shell,Atlas,The Storm,,,
The Shattered Shell,Atlas,The Vulture,,,
The Shattered Shell,Atlas,The Eye of Horus,,,
The Shattered Shell,Atlas,The Goat,,,
The Shattered Shell,Atlas,The Harpy,,,
The Shattered Shell,The Hawk,The Storm,,,
The Shattered Shell,The Hawk,The Vulture,,,
The Shattered Shell,The Hawk,The Eye of Horus,,,
The Shattered Shell,The Hawk,The Goat,,,
The Shattered Shell,The Hawk,The Harpy,,,
The Shattered Shell,The Storm,The Vulture,,,
The Shattered Shell,The Storm,The Eye of Horus,,,
The Shattered Shell,The Storm,The Goat,,,
The Shattered Shell,The Storm,The Harpy,,,
The Shattered Shell,The Vulture,The Eye of Horus,,,
The Shattered Shell,The Vulture,The Goat,,,
The Shattered Shell,The Vulture,The Harpy,,,
The Shattered Shell,The Eye of Horus,The Goat,,,
The Shattered Shell,The Eye of Horus,The Harpy,,,
The Shattered Shell,The Goat,The Harpy,,,
The Hearthstone,The Selkie,The Heart,,,
The Hearthstone,The Selkie,The Satyr,,,
The Hearthstone,The Selkie,The Cave,,,
The Hearthstone,The Selkie,The Bone Skull,,,
The Hearthstone,The Selkie,The Wheel,,,
The Hearthstone,The Selkie,The Mirror,,,
The Hearthstone,The Selkie,The Bat,,,
The Hearthstone,The Selkie,The Thorn,,,
The Hearthstone,The Selkie,The Angel,,,
The Hearthstone,The Selkie,The Torch,,,
The Hearthstone,The Selkie,The Lightning,,,
The Hearthstone,The Selkie,The Starling,,,
The Hearthstone,The Selkie,The Moon,,,
The Hearthstone,The Selkie,The Sun,,,
The Hearthstone,The Selkie,The Well,,,
The Hearthstone,The Selkie,The Mountain,,,
The Hearthstone,The Selkie,Atlas,,,
The Hearthstone,The Selkie,The Hawk,,,
The Hearthstone,The Selkie,The Storm,,,
The Hearthstone,The Selkie,The Vulture,,,
The Hearthstone,The Selkie,The Eye of Horus,,,
The Hearthstone,The Selkie,The Goat,,,
The Hearthstone,The Selkie,The Harpy,,,
The Hearthstone,The Heart,The Satyr,,,
The Hearthstone,The Heart,The Cave,,,
The Hearthstone,The Heart,The Bone Skull,,,
The Hearthstone,The Heart,The Wheel,,,
The Hearthstone,The Heart,The Mirror,,,
The Hearthstone,The Heart,The Bat,,,
The Hearthstone,The Heart,The Thorn,,,
The Hearthstone,The Heart,The Angel,,,
The Hearthstone,The Heart,The Torch,,,
The Hearthstone,The Heart,The Lightning,,,
The Hearthstone,The Heart,The Starling,,,
The Hearthstone,The Heart,The Moon,,,
The Hearthstone,The Heart,The Sun,,,
The Hearthstone,The Heart,The Well,,,
The Hearthstone,The Heart,The Mountain,,,
The Hearthstone,The Heart,Atlas,,,
The Hearthstone,The Heart,The Hawk,,,
The Hearthstone,The Heart,The Storm,,,
The Hearthstone,The Heart,The Vulture,,,
The Hearthstone,The Heart,The Eye of Horus,,,
The Hearthstone,The Heart,The Goat,,,
The Hearthstone,The Heart,The Harpy,,,
The Hearthstone,The Satyr,The Cave,,,
The Hearthstone,The Satyr,The Bone Skull,,,
The Hearthstone,The Satyr,The Wheel,,,
The Hearthstone,The Satyr,The Mirror,,,
The Hearthstone,The Satyr,The Bat,,,
The Hearthstone,The Satyr,The Thorn,,,
The Hearthstone,The Satyr,The Angel,,,
The Hearthstone,The Satyr,The Torch,,,
The Hearthstone,The Satyr,The Lightning,,,
The Hearthstone,The Satyr,The Starling,,,
The Hearthstone,The Satyr,The Moon,,,
The Hearthstone,The Satyr,The Sun,,,
The Hearthstone,The Satyr,The Well,,,
The Hearthstone,The Satyr,The Mountain,,,
The Hearthstone,The Satyr,Atlas,,,
The Hearthstone,The Satyr,The Hawk,,,
The Hearthstone,The Satyr,The Storm,,,
The Hearthstone,The Satyr,The Vulture,,,
The Hearthstone,The Satyr,The Eye of Horus,,,
The Hearthstone,The Satyr,The Goat,,,
The Hearthstone,The Satyr,The Harpy,,,
The Hearthstone,The Cave,The Bone Skull,,,
The Hearthstone,The Cave,The Wheel,,,
The Hearthstone,The Cave,The Mirror,,,
The Hearthstone,The Cave,The Bat,,,
The Hearthstone,The Cave,The Thorn,,,
The Hearthstone,The Cave,The Angel,,,
The Hearthstone,The Cave,The Torch,,,
The Hearthstone,The Cave,The Lightning,,,
The Hearthstone,The Cave,The Starling,,,
The Hearthstone,The Cave,The Moon,,,
The Hearthstone,The Cave,The Sun,,,
The Hearthstone,The Cave,The Well,,,
The Hearthstone,The Cave,The Mountain,,,
The Hearthstone,The Cave,Atlas,,,
The Hearthstone,The Cave,The Hawk,,,
The Hearthstone,The Cave,The Storm,,,
The Hearthstone,The Cave,The Vulture,,,
The Hearthstone,The Cave,The Eye of Horus,,,
The Hearthstone,The Cave,The Goat,,,
The Hearthstone,The Cave,The Harpy,,,
The Hearthstone,The Bone Skull,The Wheel,,,
The Hearthstone,The Bone Skull,The Mirror,,,
The Hearthstone,The Bone Skull,The Bat,,,
The Hearthstone,The Bone Skull,The Thorn,,,
The Hearthstone,The Bone Skull,The Angel,,,
The Hearthstone,The Bone Skull,The Torch,,,
The Hearthstone,The Bone Skull,The Lightning,,,
The Hearthstone,The Bone Skull,The Starling,,,
The Hearthstone,The Bone Skull,The Moon,,,
The Hearthstone,The Bone Skull,The Sun,,,
The Hearthstone,The Bone Skull,The Well,,,
The Hearthstone,The Bone Skull,The Mountain,,,
The Hearthstone,The Bone Skull,Atlas,,,
The Hearthstone,The Bone Skull,The Hawk,,,
The Hearthstone,The Bone Skull,The Storm,,,
The Hearthstone,The Bone Skull,The Vulture,,,
The Hearthstone,The Bone Skull,The Eye of Horus,,,
The Hearthstone,The Bone Skull,The Goat,,,
The Hearthstone,The Bone Skull,The Harpy,,,
The Hearthstone,The Wheel,The Mirror,,,
The Hearthstone,The Wheel,The Bat,,,
The Hearthstone,The Wheel,The Thorn,,,
The Hearthstone,The Wheel,The Angel,,,
The Hearthstone,The Wheel,The Torch,,,
The Hearthstone,The Wheel,The Lightning,,,
The Hearthstone,The Wheel,The Starling,,,
The Hearthstone,The Wheel,The Moon,,,
The Hearthstone,The Wheel,The Sun,,,
The Hearthstone,The Wheel,The Well,,,
The Hearthstone,The Wheel,The Mountain,,,
The Hearthstone,The Wheel,Atlas,,,
The Hearthstone,The Wheel,The Hawk,,,
The Hearthstone,The Wheel,The Storm,,,
The Hearthstone,The Wheel,The Vulture,,,
The Hearthstone,The Wheel,The Eye of Horus,,,
The Hearthstone,The Wheel,The Goat,,,
The Hearthstone,The Wheel,The Harpy,,,
The Hearthstone,The Mirror,The Bat,,,
The Hearthstone,The Mirror,The Thorn,,,
The Hearthstone,The Mirror,The Angel,,,
The Hearthstone,The Mirror,The Torch,,,
The Hearthstone,The Mirror,The Lightning,,,
The Hearthstone,The Mirror,The Starling,,,
The Hearthstone,The Mirror,The Moon,,,
The Hearthstone,The Mirror,The Sun,,,
The Hearthstone,The Mirror,The Well,,,
The Hearthstone,The Mirror,The Mountain,,,
The Hearthstone,The Mirror,Atlas,,,
The Hearthstone,The Mirror,The Hawk,,,
The Hearthstone,The Mirror,The Storm,,,
The Hearthstone,The Mirror,The Vulture,,,
The Hearthstone,The Mirror,The Eye of Horus,,,
The Hearthstone,The Mirror,The Goat,,,
The Hearthstone,The Mirror,The Harpy,,,
The Hearthstone,The Bat,The Thorn,,,
The Hearthstone,The Bat,The Angel,,,
The Hearthstone,The Bat,The Torch,,,
The Hearthstone,The Bat,The Lightning,,,
The Hearthstone,The Bat,The Starling,,,
The Hearthstone,The Bat,The Moon,,,
The Hearthstone,The Bat,The Sun,,,
The Hearthstone,The Bat,The Well,,,
The Hearthstone,The Bat,The Mountain,,,
The Hearthstone,The Bat,Atlas,,,
The Hearthstone,The Bat,The Hawk,,,
The Hearthstone,The Bat,The Storm,,,
The Hearthstone,The Bat,The Vulture,,,
The Hearthstone,The Bat,The Eye of Horus,,,
The Hearthstone,The Bat,The Goat,,,
The Hearthstone,The Bat,The Harpy,,,
The Hearthstone,The Thorn,The Angel,,,
The Hearthstone,The Thorn,The Torch,,,
The Hearthstone,The Thorn,The Lightning,,,
The Hearthstone,The Thorn,The Starling,,,
The Hearthstone,The Thorn,The Moon,,,
The Hearthstone,The Thorn,The Sun,,,
The Hearthstone,The Thorn,The Well,,,
The Hearthstone,The Thorn,The Mountain,,,
The Hearthstone,The Thorn,Atlas,,,
The Hearthstone,The Thorn,The Hawk,,,
The Hearthstone,The Thorn,The Storm,,,
The Hearthstone,The Thorn,The Vulture,,,
The Hearthstone,The Thorn,The Eye of Horus,,,
The Hearthstone,The Thorn,The Goat,,,
The Hearthstone,The Thorn,The Harpy,,,
The Hearthstone,The Angel,The Torch,,,
The Hearthstone,The Angel,The Lightning,,,
The Hearthstone,The Angel,The Starling,,,
The Hearthstone,The Angel,The Moon,,,
The Hearthstone,The Angel,The Sun,,,
The Hearthstone,The Angel,The Well,,,
The Hearthstone,The Angel,The Mountain,,,
The Hearthstone,The Angel,Atlas,,,
The Hearthstone,The Angel,The Hawk,,,
The Hearthstone,The Angel,The Storm,,,
The Hearthstone,The Angel,The Vulture,,,
The Hearthstone,The Angel,The Eye of Horus,,,
The Hearthstone,The Angel,The Goat,,,
The Hearthstone,The Angel,The Harpy,,,
The Hearthstone,The Torch,The Lightning,,,
The Hearthstone,The Torch,The Starling,,,
The Hearthstone,The Torch,The Moon,,,
The Hearthstone,The Torch,The Sun,,,
The Hearthstone,The Torch,The Well,,,
The Hearthstone,The Torch,The Mountain,,,
The Hearthstone,The Torch,Atlas,,,
The Hearthstone,The Torch,The Hawk,,,
The Hearthstone,The Torch,The Storm,,,
The Hearthstone,The Torch,The Vulture,,,
The Hearthstone,The Torch,The Eye of Horus,,,
The Hearthstone,The Torch,The Goat,,,
The Hearthstone,The Torch,The Harpy,,,
The Hearthstone,The Lightning,The Starling,,,
The Hearthstone,The Lightning,The Moon,,,
The Hearthstone,The Lightning,The Sun,,,
The Hearthstone,The Lightning,The Well,,,
The Hearthstone,The Lightning,The Mountain,,,
The Hearthstone,The Lightning,Atlas,,,
The Hearthstone,The Lightning,The Hawk,,,
The Hearthstone,The Lightning,The Storm,,,
The Hearthstone,The Lightning,The Vulture,,,
The Hearthstone,The Lightning,The Eye of Horus,,,
The Hearthstone,The Lightning,The Goat,,,
The Hearthstone,The Lightning,The Harpy,,,
The Hearthstone,The Starling,The Moon,,,
The Hearthstone,The Starling,The Sun,,,
The Hearthstone,The Starling,The Well,,,
The Hearthstone,The Starling,The Mountain,,,
The Hearthstone,The Starling,Atlas,,,
The Hearthstone,The Starling,The Hawk,,,
The Hearthstone,The Starling,The Storm,,,
The Hearthstone,The Starling,The Vulture,,,
The Hearthstone,The Starling,The Eye of Horus,,,
The Hearthstone,The Starling,The Goat,,,
The Hearthstone,The Starling,The Harpy,,,
The Hearthstone,The Moon,The Sun,,,
The Hearthstone,The Moon,The Well,,,
The Hearthstone,The Moon,The Mountain,,,
The Hearthstone,The Moon,Atlas,,,
The Hearthstone,The Moon,The Hawk,,,
The Hearthstone,The Moon,The Storm,,,
The Hearthstone,The Moon,The Vulture,,,
The Hearthstone,The Moon,The Eye of Horus,,,
The Hearthstone,The Moon,The Goat,,,
The Hearthstone,The Moon,The Harpy,,,
The Hearthstone,The Sun,The Well,,,
The Hearthstone,The Sun,The Mountain,,,
The Hearthstone,The Sun,Atlas,,,
The Hearthstone,The Sun,The Hawk,,,
The Hearthstone,The Sun,The Storm,,,
The Hearthstone,The Sun,The Vulture,,,
The Hearthstone,The Sun,The Eye of Horus,,,
The Hearthstone,The Sun,The Goat,,,
The Hearthstone,The Sun,The Harpy,,,
The Hearthstone,The Well,The Mountain,,,
The Hearthstone,The Well,Atlas,,,
The Hearthstone,The Well,The Hawk,,,
The Hearthstone,The Well,The Storm,,,
The Hearthstone,The Well,The Vulture,,,
The Hearthstone,The Well,The Eye of Horus,,,
The Hearthstone,The Well,The Goat,,,
The Hearthstone,The Well,The Harpy,,,
The Hearthstone,The Mountain,Atlas,,,
The Hearthstone,The Mountain,The Hawk,,,
The Hearthstone,The Mountain,The Storm,,,
The Hearthstone,The Mountain,The Vulture,,,
The Hearthstone,The Mountain,The Eye of Horus,,,
The Hearthstone,The Mountain,The Goat,,,
The Hearthstone,The Mountain,The Harpy,,,
The Hearthstone,Atlas,The Hawk,,,
The Hearthstone,Atlas,The Storm,,,
The Hearthstone,Atlas,The Vulture,,,
The Hearthstone,Atlas,The Eye of Horus,,,
The Hearthstone,Atlas,The Goat,,,
The Hearthstone,Atlas,The Harpy,,,
The Hearthstone,The Hawk,The Storm,,,
The Hearthstone,The Hawk,The Vulture,,,
The Hearthstone,The Hawk,The Eye of Horus,,,
The Hearthstone,The Hawk,The Goat,,,
The Hearthstone,The Hawk,The Harpy,,,
The Hearthstone,The Storm,The Vulture,,,
The Hearthstone,The Storm,The Eye of Horus,,,
The Hearthstone,The Storm,The Goat,,,
The Hearthstone,The Storm,The Harpy,,,
The Hearthstone,The Vulture,The Eye of Horus,,,
The Hearthstone,The Vulture,The Goat,,,
The Hearthstone,The Vulture,The Harpy,,,
The Hearthstone,The Eye of Horus,The Goat,,,
The Hearthstone,The Eye of Horus,The Harpy,,,
The Hearthstone,The Goat,The Harpy,,,
The Selkie,The Heart,The Satyr,,,
The Selkie,The Heart,The Cave,,,
The Selkie,The Heart,The Bone Skull,,,
The Selkie,The Heart,The Wheel,,,
The Selkie,The Heart,The Mirror,,,
The Selkie,The Heart,The Bat,,,
The Selkie,The Heart,The Thorn,,,
The Selkie,The Heart,The Angel,,,
The Selkie,The Heart,The Torch,,,
The Selkie,The Heart,The Lightning,,,
The Selkie,The Heart,The Starling,,,
The Selkie,The Heart,The Moon,,,
The Selkie,The Heart,The Sun,,,
The Selkie,The Heart,The Well,,,
The Selkie,The Heart,The Mountain,,,
The Selkie,The Heart,Atlas,,,
The Selkie,The Heart,The Hawk,,,
The Selkie,The Heart,The Storm,,,
The Selkie,The Heart,The Vulture,,,
The Selkie,The Heart,The Eye of Horus,,,
The Selkie,The Heart,The Goat,,,
The Selkie,The Heart,The Harpy,,,
The Selkie,The Satyr,The Cave,,,
The Selkie,The Satyr,The Bone Skull,,,
The Selkie,The Satyr,The Wheel,,,
The Selkie,The Satyr,The Mirror,,,
The Selkie,The Satyr,The Bat,,,
The Selkie,The Satyr,The Thorn,,,
The Selkie,The Satyr,The Angel,,,
The Selkie,The Satyr,The Torch,,,
The Selkie,The Satyr,The Lightning,,,
The Selkie,The Satyr,The Starling,,,
The Selkie,The Satyr,The Moon,,,
The Selkie,The Satyr,The Sun,,,
The Selkie,The Satyr,The Well,,,
The Selkie,The Satyr,The Mountain,,,
The Selkie,The Satyr,Atlas,,,
The Selkie,The Satyr,The Hawk,,,
The Selkie,The Satyr,The Storm,,,
The Selkie,The Satyr,The Vulture,,,
The Selkie,The Satyr,The Eye of Horus,,,
The Selkie,The Satyr,The Goat,,,
The Selkie,The Satyr,The Harpy,,,
The Selkie,The Cave,The Bone Skull,,,
The Selkie,The Cave,The Wheel,,,
The Selkie,The Cave,The Mirror,,,
The Selkie,The Cave,The Bat,,,
The Selkie,The Cave,The Thorn,,,
The Selkie,The Cave,The Angel,,,
The Selkie,The Cave,The Torch,,,
The Selkie,The Cave,The Lightning,,,
The Selkie,The Cave,The Starling,,,
The Selkie,The Cave,The Moon,,,
The Selkie,The Cave,The Sun,,,
The Selkie,The Cave,The Well,,,
The Selkie,The Cave,The Mountain,,,
The Selkie,The Cave,Atlas,,,
The Selkie,The Cave,The Hawk,,,
The Selkie,The Cave,The Storm,,,
The Selkie,The Cave,The Vulture,,,
The Selkie,The Cave,The Eye of Horus,,,
The Selkie,The Cave,The Goat,,,
The Selkie,The Cave,The Harpy,,,
The Selkie,The Bone Skull,The Wheel,,,
The Selkie,The Bone Skull,The Mirror,,,
The Selkie,The Bone Skull,The Bat,,,
The Selkie,The Bone Skull,The Thorn,,,
The Selkie,The Bone Skull,The Angel,,,
The Selkie,The Bone Skull,The Torch,,,
The Selkie,The Bone Skull,The Lightning,,,
The Selkie,The Bone Skull,The Starling,,,
The Selkie,The Bone Skull,The Moon,,,
The Selkie,The Bone Skull,The Sun,,,
The Selkie,The Bone Skull,The Well,,,
The Selkie,The Bone Skull,The Mountain,,,
The Selkie,The Bone Skull,Atlas,,,
The Selkie,The Bone Skull,The Hawk,,,
The Selkie,The Bone Skull,The Storm,,,
The Selkie,The Bone Skull,The Vulture,,,
The Selkie,The Bone Skull,The Eye of Horus,,,
The Selkie,The Bone Skull,The Goat,,,
The Selkie,The Bone Skull,The Harpy,,,
The Selkie,The Wheel,The Mirror,,,
The Selkie,The Wheel,The Bat,,,
The Selkie,The Wheel,The Thorn,,,
The Selkie,The Wheel,The Angel,,,
The Selkie,The Wheel,The Torch,,,
The Selkie,The Wheel,The Lightning,,,
The Selkie,The Wheel,The Starling,,,
The Selkie,The Wheel,The Moon,,,
The Selkie,The Wheel,The Sun,,,
The Selkie,The Wheel,The Well,,,
The Selkie,The Wheel,The Mountain,,,
The Selkie,The Wheel,Atlas,,,
The Selkie,The Wheel,The Hawk,,,
The Selkie,The Wheel,The Storm,,,
The Selkie,The Wheel,The Vulture,,,
The Selkie,The Wheel,The Eye of Horus,,,
The Selkie,The Wheel,The Goat,,,
The Selkie,The Wheel,The Harpy,,,
The Selkie,The Mirror,The Bat,,,
The Selkie,The Mirror,The Thorn,,,
The Selkie,The Mirror,The Angel,,,
The Selkie,The Mirror,The Torch,,,
The Selkie,The Mirror,The Lightning,,,
The Selkie,The Mirror,The Starling,,,
The Selkie,The Mirror,The Moon,,,
The Selkie,The Mirror,The Sun,,,
The Selkie,The Mirror,The Well,,,
The Selkie,The Mirror,The Mountain,,,
The Selkie,The Mirror,Atlas,,,
The Selkie,The Mirror,The Hawk,,,
The Selkie,The Mirror,The Storm,,,
The Selkie,The Mirror,The Vulture,,,
The Selkie,The Mirror,The Eye of Horus,,,
The Selkie,The Mirror,The Goat,,,
The Selkie,The Mirror,The Harpy,,,
The Selkie,The Bat,The Thorn,,,
The Selkie,The Bat,The Angel,,,
The Selkie,The Bat,The Torch,,,
The Selkie,The Bat,The Lightning,,,
The Selkie,The Bat,The Starling,,,
The Selkie,The Bat,The Moon,,,
The Selkie,The Bat,The Sun,,,
The Selkie,The Bat,The Well,,,
The Selkie,The Bat,The Mountain,,,
The Selkie,The Bat,Atlas,,,
The Selkie,The Bat,The Hawk,,,
The Selkie,The Bat,The Storm,,,
The Selkie,The Bat,The Vulture,,,
The Selkie,The Bat,The Eye of Horus,,,
The Selkie,The Bat,The Goat,,,
The Selkie,The Bat,The Harpy,,,
The Selkie,The Thorn,The Angel,,,
The Selkie,The Thorn,The Torch,,,
The Selkie,The Thorn,The Lightning,,,
The Selkie,The Thorn,The Starling,,,
The Selkie,The Thorn,The Moon,,,
The Selkie,The Thorn,The Sun,,,
The Selkie,The Thorn,The Well,,,
The Selkie,The Thorn,The Mountain,,,
The Selkie,The Thorn,Atlas,,,
The Selkie,The Thorn,The Hawk,,,
The Selkie,The Thorn,The Storm,,,
The Selkie,The Thorn,The Vulture,,,
The Selkie,The Thorn,The Eye of Horus,,,
The Selkie,The Thorn,The Goat,,,
The Selkie,The Thorn,The Harpy,,,
The Selkie,The Angel,The Torch,,,
The Selkie,The Angel,The Lightning,,,
The Selkie,The Angel,The Starling,,,
The Selkie,The Angel,The Moon,,,
The Selkie,The Angel,The Sun,,,
The Selkie,The Angel,The Well,,,
The Selkie,The Angel,The Mountain,,,
The Selkie,The Angel,Atlas,,,
The Selkie,The Angel,The Hawk,,,
The Selkie,The Angel,The Storm,,,
The Selkie,The Angel,The Vulture,,,
The Selkie,The Angel,The Eye of Horus,,,
The Selkie,The Angel,The Goat,,,
The Selkie,The Angel,The Harpy,,,
The Selkie,The Torch,The Lightning,,,
The Selkie,The Torch,The Starling,,,
The Selkie,The Torch,The Moon,,,
The Selkie,The Torch,The Sun,,,
The Selkie,The Torch,The Well,,,
The Selkie,The Torch,The Mountain,,,
The Selkie,The Torch,Atlas,,,
The Selkie,The Torch,The Hawk,,,
The Selkie,The Torch,The Storm,,,
The Selkie,The Torch,The Vulture,,,
The Selkie,The Torch,The Eye of Horus,,,
The Selkie,The Torch,The Goat,,,
The Selkie,The Torch,The Harpy,,,
The Selkie,The Lightning,The Starling,,,
The Selkie,The Lightning,The Moon,,,
The Selkie,The Lightning,The Sun,,,
The Selkie,The Lightning,The Well,,,
The Selkie,The Lightning,The Mountain,,,
The Selkie,The Lightning,Atlas,,,
The Selkie,The Lightning,The Hawk,,,
The Selkie,The Lightning,The Storm,,,
The Selkie,The Lightning,The Vulture,,,
The Selkie,The Lightning,The Eye of Horus,,,
The Selkie,The Lightning,The Goat,,,
The Selkie,The Lightning,The Harpy,,,
The Selkie,The Starling,The Moon,,,
The Selkie,The Starling,The Sun,,,
The Selkie,The Starling,The Well,,,
The Selkie,The Starling,The Mountain,,,
The Selkie,The Starling,Atlas,,,
The Selkie,The Starling,The Hawk,,,
The Selkie,The Starling,The Storm,,,
The Selkie,The Starling,The Vulture,,,
The Selkie,The Starling,The Eye of Horus,,,
The Selkie,The Starling,The Goat,,,
The Selkie,The Starling,The Harpy,,,
The Selkie,The Moon,The Sun,,,
The Selkie,The Moon,The Well,,,
The Selkie,The Moon,The Mountain,,,
The Selkie,The Moon,Atlas,,,
The Selkie,The Moon,The Hawk,,,
The Selkie,The Moon,The Storm,,,
The Selkie,The Moon,The Vulture,,,
The Selkie,The Moon,The Eye of Horus,,,
The Selkie,The Moon,The Goat,,,
The Selkie,The Moon,The Harpy,,,
The Selkie,The Sun,The Well,,,
The Selkie,The Sun,The Mountain,,,
The Selkie,The Sun,Atlas,,,
The Selkie,The Sun,The Hawk,,,
The Selkie,The Sun,The Storm,,,
The Selkie,The Sun,The Vulture,,,
The Selkie,The Sun,The Eye of Horus,,,
The Selkie,The Sun,The Goat,,,
The Selkie,The Sun,The Harpy,,,
The Selkie,The Well,The Mountain,,,
The Selkie,The Well,Atlas,,,
The Selkie,The Well,The Hawk,,,
The Selkie,The Well,The Storm,,,
The Selkie,The Well,The Vulture,,,
The Selkie,The Well,The Eye of Horus,,,
The Selkie,The Well,The Goat,,,
The Selkie,The Well,The Harpy,,,
The Selkie,The Mountain,Atlas,,,
The Selkie,The Mountain,The Hawk,,,
The Selkie,The Mountain,The Storm,,,
The Selkie,The Mountain,The Vulture,,,
The Selkie,The Mountain,The Eye of Horus,,,
The Selkie,The Mountain,The Goat,,,
The Selkie,The Mountain,The Harpy,,,
The Selkie,Atlas,The Hawk,,,
The Selkie,Atlas,The Storm,,,
The Selkie,Atlas,The Vulture,,,
The Selkie,Atlas,The Eye of Horus,,,
The Selkie,Atlas,The Goat,,,
The Selkie,Atlas,The Harpy,,,
The Selkie,The Hawk,The Storm,,,
The Selkie,The Hawk,The Vulture,,,
The Selkie,The Hawk,The Eye of Horus,,,
The Selkie,The Hawk,The Goat,,,
The Selkie,The Hawk,The Harpy,,,
The Selkie,The Storm,The Vulture,,,
The Selkie,The Storm,The Eye of Horus,,,
The Selkie,The Storm,The Goat,,,
The Selkie,The Storm,The Harpy,,,
The Selkie,The Vulture,The Eye of Horus,,,
The Selkie,The Vulture,The Goat,,,
The Selkie,The Vulture,The Harpy,,,
The Selkie,The Eye of Horus,The Goat,,,
The Selkie,The Eye of Horus,The Harpy,,,
The Selkie,The Goat,The Harpy,,,
The Heart,The Satyr,The Cave,,,
The Heart,The Satyr,The Bone Skull,,,
The Heart,The Satyr,The Wheel,,,
The Heart,The Satyr,The Mirror,,,
The Heart,The Satyr,The Bat,,,
The Heart,The Satyr,The Thorn,,,
The Heart,The Satyr,The Angel,,,
The Heart,The Satyr,The Torch,,,
The Heart,The Satyr,The Lightning,,,
The Heart,The Satyr,The Starling,,,
The Heart,The Satyr,The Moon,,,
The Heart,The Satyr,The Sun,,,
The Heart,The Satyr,The Well,,,
The Heart,The Satyr,The Mountain,,,
The Heart,The Satyr,Atlas,,,
The Heart,The Satyr,The Hawk,,,
The Heart,The Satyr,The Storm,,,
The Heart,The Satyr,The Vulture,,,
The Heart,The Satyr,The Eye of Horus,,,
The Heart,The Satyr,The Goat,,,
The Heart,The Satyr,The Harpy,,,
The Heart,The Cave,The Bone Skull,,,
The Heart,The Cave,The Wheel,,,
The Heart,The Cave,The Mirror,,,
The Heart,The Cave,The Bat,,,
The Heart,The Cave,The Thorn,,,
The Heart,The Cave,The Angel,,,
The Heart,The Cave,The Torch,,,
The Heart,The Cave,The Lightning,,,
The Heart,The Cave,The Starling,,,
The Heart,The Cave,The Moon,,,
The Heart,The Cave,The Sun,,,
The Heart,The Cave,The Well,,,
The Heart,The Cave,The Mountain,,,
The Heart,The Cave,Atlas,,,
The Heart,The Cave,The Hawk,,,
The Heart,The Cave,The Storm,,,
The Heart,The Cave,The Vulture,,,
The Heart,The Cave,The Eye of Horus,,,
The Heart,The Cave,The Goat,,,
The Heart,The Cave,The Harpy,,,
The Heart,The Bone Skull,The Wheel,,,
The Heart,The Bone Skull,The Mirror,,,
The Heart,The Bone Skull,The Bat,,,
The Heart,The Bone Skull,The Thorn,,,
The Heart,The Bone Skull,The Angel,,,
The Heart,The Bone Skull,The Torch,,,
The Heart,The Bone Skull,The Lightning,,,
The Heart,The Bone Skull,The Starling,,,
The Heart,The Bone Skull,The Moon,,,
The Heart,The Bone Skull,The Sun,,,
The Heart,The Bone Skull,The Well,,,
The Heart,The Bone Skull,The Mountain,,,
The Heart,The Bone Skull,Atlas,,,
The Heart,The Bone Skull,The Hawk,,,
The Heart,The Bone Skull,The Storm,,,
The Heart,The Bone Skull,The Vulture,,,
The Heart,The Bone Skull,The Eye of Horus,,,
The Heart,The Bone Skull,The Goat,,,
The Heart,The Bone Skull,The Harpy,,,
The Heart,The Wheel,The Mirror,,,
The Heart,The Wheel,The Bat,,,
The Heart,The Wheel,The Thorn,,,
The Heart,The Wheel,The Angel,,,
The Heart,The Wheel,The Torch,,,
The Heart,The Wheel,The Lightning,,,
The Heart,The Wheel,The Starling,,,
The Heart,The Wheel,The Moon,,,
The Heart,The Wheel,The Sun,,,
The Heart,The Wheel,The Well,,,
The Heart,The Wheel,The Mountain,,,
The Heart,The Wheel,Atlas,,,
The Heart,The Wheel,The Hawk,,,
The Heart,The Wheel,The Storm,,,
The Heart,The Wheel,The Vulture,,,
The Heart,The Wheel,The Eye of Horus,,,
The Heart,The Wheel,The Goat,,,
The Heart,The Wheel,The Harpy,,,
The Heart,The Mirror,The Bat,,,
The Heart,The Mirror,The Thorn,,,
The Heart,The Mirror,The Angel,,,
The Heart,The Mirror,The Torch,,,
The Heart,The Mirror,The Lightning,,,
The Heart,The Mirror,The Starling,,,
The Heart,The Mirror,The Moon,,,
The Heart,The Mirror,The Sun,,,
The Heart,The Mirror,The Well,,,
The Heart,The Mirror,The Mountain,,,
The Heart,The Mirror,Atlas,,,
The Heart,The Mirror,The Hawk,,,
The Heart,The Mirror,The Storm,,,
The Heart,The Mirror,The Vulture,,,
The Heart,The Mirror,The Eye of Horus,,,
The Heart,The Mirror,The Goat,,,
The Heart,The Mirror,The Harpy,,,
The Heart,The Bat,The Thorn,,,
The Heart,The Bat,The Angel,,,
The Heart,The Bat,The Torch,,,
The Heart,The Bat,The Lightning,,,
The Heart,The Bat,The Starling,,,
The Heart,The Bat,The Moon,,,
The Heart,The Bat,The Sun,,,
The Heart,The Bat,The Well,,,
The Heart,The Bat,The Mountain,,,
The Heart,The Bat,Atlas,,,
The Heart,The Bat,The Hawk,,,
The Heart,The Bat,The Storm,,,
The Heart,The Bat,The Vulture,,,
The Heart,The Bat,The Eye of Horus,,,
The Heart,The Bat,The Goat,,,
The Heart,The Bat,The Harpy,,,
The Heart,The Thorn,The Angel,,,
The Heart,The Thorn,The Torch,,,
The Heart,The Thorn,The Lightning,,,
The Heart,The Thorn,The Starling,,,
The Heart,The Thorn,The Moon,,,
The Heart,The Thorn,The Sun,,,
The Heart,The Thorn,The Well,,,
The Heart,The Thorn,The Mountain,,,
The Heart,The Thorn,Atlas,,,
The Heart,The Thorn,The Hawk,,,
The Heart,The Thorn,The Storm,,,
The Heart,The Thorn,The Vulture,,,
The Heart,The Thorn,The Eye of Horus,,,
The Heart,The Thorn,The Goat,,,
The Heart,The Thorn,The Harpy,,,
The Heart,The Angel,The Torch,,,
The Heart,The Angel,The Lightning,,,
The Heart,The Angel,The Starling,,,
The Heart,The Angel,The Moon,,,
The Heart,The Angel,The Sun,,,
The Heart,The Angel,The Well,,,
The Heart,The Angel,The Mountain,,,
The Heart,The Angel,Atlas,,,
The Heart,The Angel,The Hawk,,,
The Heart,The Angel,The Storm,,,
The Heart,The Angel,The Vulture,,,
The Heart,The Angel,The Eye of Horus,,,
The Heart,The Angel,The Goat,,,
The Heart,The Angel,The Harpy,,,
The Heart,The Torch,The Lightning,,,
The Heart,The Torch,The Starling,,,
The Heart,The Torch,The Moon,,,
The Heart,The Torch,The Sun,,,
The Heart,The Torch,The Well,,,
The Heart,The Torch,The Mountain,,,
The Heart,The Torch,Atlas,,,
The Heart,The Torch,The Hawk,,,
The Heart,The Torch,The Storm,,,
The Heart,The Torch,The Vulture,,,
The Heart,The Torch,The Eye of Horus,,,
The Heart,The Torch,The Goat,,,
The Heart,The Torch,The Harpy,,,
The Heart,The Lightning,The Starling,,,
The Heart,The Lightning,The Moon,,,
The Heart,The Lightning,The Sun,,,
The Heart,The Lightning,The Well,,,
The Heart,The Lightning,The Mountain,,,
The Heart,The Lightning,Atlas,,,
The Heart,The Lightning,The Hawk,,,
The Heart,The Lightning,The Storm,,,
The Heart,The Lightning,The Vulture,,,
The Heart,The Lightning,The Eye of Horus,,,
The Heart,The Lightning,The Goat,,,
The Heart,The Lightning,The Harpy,,,
The Heart,The Starling,The Moon,,,
The Heart,The Starling,The Sun,,,
The Heart,The Starling,The Well,,,
The Heart,The Starling,The Mountain,,,
The Heart,The Starling,Atlas,,,
The Heart,The Starling,The Hawk,,,
The Heart,The Starling,The Storm,,,
The Heart,The Starling,The Vulture,,,
The Heart,The Starling,The Eye of Horus,,,
The Heart,The Starling,The Goat,,,
The Heart,The Starling,The Harpy,,,
The Heart,The Moon,The Sun,,,
The Heart,The Moon,The Well,,,
The Heart,The Moon,The Mountain,,,
The Heart,The Moon,Atlas,,,
The Heart,The Moon,The Hawk,,,
The Heart,The Moon,The Storm,,,
The Heart,The Moon,The Vulture,,,
The Heart,The Moon,The Eye of Horus,,,
The Heart,The Moon,The Goat,,,
The Heart,The Moon,The Harpy,,,
The Heart,The Sun,The Well,,,
The Heart,The Sun,The Mountain,,,
The Heart,The Sun,Atlas,,,
The Heart,The Sun,The Hawk,,,
The Heart,The Sun,The Storm,,,
The Heart,The Sun,The Vulture,,,
The Heart,The Sun,The Eye of Horus,,,
The Heart,The Sun,The Goat,,,
The Heart,The Sun,The Harpy,,,
The Heart,The Well,The Mountain,,,
The Heart,The Well,Atlas,,,
The Heart,The Well,The Hawk,,,
The Heart,The Well,The Storm,,,
The Heart,The Well,The Vulture,,,
The Heart,The Well,The Eye of Horus,,,
The Heart,The Well,The Goat,,,
The Heart,The Well,The Harpy,,,
The Heart,The Mountain,Atlas,,,
The Heart,The Mountain,The Hawk,,,
The Heart,The Mountain,The Storm,,,
The Heart,The Mountain,The Vulture,,,
The Heart,The Mountain,The Eye of Horus,,,
The Heart,The Mountain,The Goat,,,
The Heart,The Mountain,The Harpy,,,
The Heart,Atlas,The Hawk,,,
The Heart,Atlas,The Storm,,,
The Heart,Atlas,The Vulture,,,
The Heart,Atlas,The Eye of Horus,,,
The Heart,Atlas,The Goat,,,
The Heart,Atlas,The Harpy,,,
The Heart,The Hawk,The Storm,,,
The Heart,The Hawk,The Vulture,,,
The Heart,The Hawk,The Eye of Horus,,,
The Heart,The Hawk,The Goat,,,
The Heart,The Hawk,The Harpy,,,
The Heart,The Storm,The Vulture,,,
The Heart,The Storm,The Eye of Horus,,,
The Heart,The Storm,The Goat,,,
The Heart,The Storm,The Harpy,,,
The Heart,The Vulture,The Eye of Horus,,,
The Heart,The Vulture,The Goat,,,
The Heart,The Vulture,The Harpy,,,
The Heart,The Eye of Horus,The Goat,,,
The Heart,The Eye of Horus,The Harpy,,,
The Heart,The Goat,The Harpy,,,
The Satyr,The Cave,The Bone Skull,,,
The Satyr,The Cave,The Wheel,,,
The Satyr,The Cave,The Mirror,,,
The Satyr,The Cave,The Bat,,,
The Satyr,The Cave,The Thorn,,,
The Satyr,The Cave,The Angel,,,
The Satyr,The Cave,The Torch,,,
The Satyr,The Cave,The Lightning,,,
The Satyr,The Cave,The Starling,,,
The Satyr,The Cave,The Moon,,,
The Satyr,The Cave,The Sun,,,
The Satyr,The Cave,The Well,,,
The Satyr,The Cave,The Mountain,,,
The Satyr,The Cave,Atlas,,,
The Satyr,The Cave,The Hawk,,,
The Satyr,The Cave,The Storm,,,
The Satyr,The Cave,The Vulture,,,
The Satyr,The Cave,The Eye of Horus,,,
The Satyr,The Cave,The Goat,,,
The Satyr,The Cave,The Harpy,,,
The Satyr,The Bone Skull,The Wheel,,,
The Satyr,The Bone Skull,The Mirror,,,
The Satyr,The Bone Skull,The Bat,,,
The Satyr,The Bone Skull,The Thorn,,,
The Satyr,The Bone Skull,The Angel,,,
The Satyr,The Bone Skull,The Torch,,,
The Satyr,The Bone Skull,The Lightning,,,
The Satyr,The Bone Skull,The Starling,,,
The Satyr,The Bone Skull,The Moon,,,
The Satyr,The Bone Skull,The Sun,,,
The Satyr,The Bone Skull,The Well,,,
The Satyr,The Bone Skull,The Mountain,,,
The Satyr,The Bone Skull,Atlas,,,
The Satyr,The Bone Skull,The Hawk,,,
The Satyr,The Bone Skull,The Storm,,,
The Satyr,The Bone Skull,The Vulture,,,
The Satyr,The Bone Skull,The Eye of Horus,,,
The Satyr,The Bone Skull,The Goat,,,
The Satyr,The Bone Skull,The Harpy,,,
The Satyr,The Wheel,The Mirror,,,
The Satyr,The Wheel,The Bat,,,
The Satyr,The Wheel,The Thorn,,,
The Satyr,The Wheel,The Angel,,,
The Satyr,The Wheel,The Torch,,,
The Satyr,The Wheel,The Lightning,,,
The Satyr,The Wheel,The Starling,,,
The Satyr,The Wheel,The Moon,,,
The Satyr,The Wheel,The Sun,,,
The Satyr,The Wheel,The Well,,,
The Satyr,The Wheel,The Mountain,,,
The Satyr,The Wheel,Atlas,,,
The Satyr,The Wheel,The Hawk,,,
The Satyr,The Wheel,The Storm,,,
The Satyr,The Wheel,The Vulture,,,
The Satyr,The Wheel,The Eye of Horus,,,
The Satyr,The Wheel,The Goat,,,
The Satyr,The Wheel,The Harpy,,,
The Satyr,The Mirror,The Bat,,,
The Satyr,The Mirror,The Thorn,,,
The Satyr,The Mirror,The Angel,,,
The Satyr,The Mirror,The Torch,,,
The Satyr,The Mirror,The Lightning,,,
The Satyr,The Mirror,The Starling,,,
The Satyr,The Mirror,The Moon,,,
The Satyr,The Mirror,The Sun,,,
The Satyr,The Mirror,The Well,,,
The Satyr,The Mirror,The Mountain,,,
The Satyr,The Mirror,Atlas,,,
The Satyr,The Mirror,The Hawk,,,
The Satyr,The Mirror,The Storm,,,
The Satyr,The Mirror,The Vulture,,,
The Satyr,The Mirror,The Eye of Horus,,,
The Satyr,The Mirror,The Goat,,,
The Satyr,The Mirror,The Harpy,,,
The Satyr,The Bat,The Thorn,,,
The Satyr,The Bat,The Angel,,,
The Satyr,The Bat,The Torch,,,
The Satyr,The Bat,The Lightning,,,
The Satyr,The Bat,The Starling,,,
The Satyr,The Bat,The Moon,,,
The Satyr,The Bat,The Sun,,,
The Satyr,The Bat,The Well,,,
The Satyr,The Bat,The Mountain,,,
The Satyr,The Bat,Atlas,,,
The Satyr,The Bat,The Hawk,,,
The Satyr,The Bat,The Storm,,,
The Satyr,The Bat,The Vulture,,,
The Satyr,The Bat,The Eye of Horus,,,
The Satyr,The Bat,The Goat,,,
The Satyr,The Bat,The Harpy,,,
The Satyr,The Thorn,The Angel,,,
The Satyr,The Thorn,The Torch,,,
The Satyr,The Thorn,The Lightning,,,
The Satyr,The Thorn,The Starling,,,
The Satyr,The Thorn,The Moon,,,
The Satyr,The Thorn,The Sun,,,
The Satyr,The Thorn,The Well,,,
The Satyr,The Thorn,The Mountain,,,
The Satyr,The Thorn,Atlas,,,
The Satyr,The Thorn,The Hawk,,,
The Satyr,The Thorn,The Storm,,,
The Satyr,The Thorn,The Vulture,,,
The Satyr,The Thorn,The Eye of Horus,,,
The Satyr,The Thorn,The Goat,,,
The Satyr,The Thorn,The Harpy,,,
The Satyr,The Angel,The Torch,,,
The Satyr,The Angel,The Lightning,,,
The Satyr,The Angel,The Starling,,,
The Satyr,The Angel,The Moon,,,
The Satyr,The Angel,The Sun,,,
The Satyr,The Angel,The Well,,,
The Satyr,The Angel,The Mountain,,,
The Satyr,The Angel,Atlas,,,
The Satyr,The Angel,The Hawk,,,
The Satyr,The Angel,The Storm,,,
The Satyr,The Angel,The Vulture,,,
The Satyr,The Angel,The Eye of Horus,,,
The Satyr,The Angel,The Goat,,,
The Satyr,The Angel,The Harpy,,,
The Satyr,The Torch,The Lightning,,,
The Satyr,The Torch,The Starling,,,
The Satyr,The Torch,The Moon,,,
The Satyr,The Torch,The Sun,,,
The Satyr,The Torch,The Well,,,
The Satyr,The Torch,The Mountain,,,
The Satyr,The Torch,Atlas,,,
The Satyr,The Torch,The Hawk,,,
The Satyr,The Torch,The Storm,,,
The Satyr,The Torch,The Vulture,,,
The Satyr,The Torch,The Eye of Horus,,,
The Satyr,The Torch,The Goat,,,
The Satyr,The Torch,The Harpy,,,
The Satyr,The Lightning,The Starling,,,
The Satyr,The Lightning,The Moon,,,
The Satyr,The Lightning,The Sun,,,
The Satyr,The Lightning,The Well,,,
The Satyr,The Lightning,The Mountain,,,
The Satyr,The Lightning,Atlas,,,
The Satyr,The Lightning,The Hawk,,,
The Satyr,The Lightning,The Storm,,,
The Satyr,The Lightning,The Vulture,,,
The Satyr,The Lightning,The Eye of Horus,,,
The Satyr,The Lightning,The Goat,,,
The Satyr,The Lightning,The Harpy,,,
The Satyr,The Starling,The Moon,,,
The Satyr,The Starling,The Sun,,,
The Satyr,The Starling,The Well,,,
The Satyr,The Starling,The Mountain,,,
The Satyr,The Starling,Atlas,,,
The Satyr,The Starling,The Hawk,,,
The Satyr,The Starling,The Storm,,,
The Satyr,The Starling,The Vulture,,,
The Satyr,The Starling,The Eye of Horus,,,
The Satyr,The Starling,The Goat,,,
The Satyr,The Starling,The Harpy,,,
The Satyr,The Moon,The Sun,,,
The Satyr,The Moon,The Well,,,
The Satyr,The Moon,The Mountain,,,
The Satyr,The Moon,Atlas,,,
The Satyr,The Moon,The Hawk,,,
The Satyr,The Moon,The Storm,,,
The Satyr,The Moon,The Vulture,,,
The Satyr,The Moon,The Eye of Horus,,,
The Satyr,The Moon,The Goat,,,
The Satyr,The Moon,The Harpy,,,
The Satyr,The Sun,The Well,,,
The Satyr,The Sun,The Mountain,,,
The Satyr,The Sun,Atlas,,,
The Satyr,The Sun,The Hawk,,,
The Satyr,The Sun,The Storm,,,
The Satyr,The Sun,The Vulture,,,
The Satyr,The Sun,The Eye of Horus,,,
The Satyr,The Sun,The Goat,,,
The Satyr,The Sun,The Harpy,,,
The Satyr,The Well,The Mountain,,,
The Satyr,The Well,Atlas,,,
The Satyr,The Well,The Hawk,,,
The Satyr,The Well,The Storm,,,
The Satyr,The Well,The Vulture,,,
The Satyr,The Well,The Eye of Horus,,,
The Satyr,The Well,The Goat,,,
The Satyr,The Well,The Harpy,,,
The Satyr,The Mountain,Atlas,,,
The Satyr,The Mountain,The Hawk,,,
The Satyr,The Mountain,The Storm,,,
The Satyr,The Mountain,The Vulture,,,
The Satyr,The Mountain,The Eye of Horus,,,
The Satyr,The Mountain,The Goat,,,
The Satyr,The Mountain,The Harpy,,,
The Satyr,Atlas,The Hawk,,,
The Satyr,Atlas,The Storm,,,
The Satyr,Atlas,The Vulture,,,
The Satyr,Atlas,The Eye of Horus,,,
The Satyr,Atlas,The Goat,,,
The Satyr,Atlas,The Harpy,,,
The Satyr,The Hawk,The Storm,,,
The Satyr,The Hawk,The Vulture,,,
The Satyr,The Hawk,The Eye of Horus,,,
The Satyr,The Hawk,The Goat,,,
The Satyr,The Hawk,The Harpy,,,
The Satyr,The Storm,The Vulture,,,
The Satyr,The Storm,The Eye of Horus,,,
The Satyr,The Storm,The Goat,,,
The Satyr,The Storm,The Harpy,,,
The Satyr,The Vulture,The Eye of Horus,,,
The Satyr,The Vulture,The Goat,,,
The Satyr,The Vulture,The Harpy,,,
The Satyr,The Eye of Horus,The Goat,,,
The Satyr,The Eye of Horus,The Harpy,,,
The Satyr,The Goat,The Harpy,,,
The Cave,The Bone Skull,The Wheel,,,
The Cave,The Bone Skull,The Mirror,,,
The Cave,The Bone Skull,The Bat,,,
The Cave,The Bone Skull,The Thorn,,,
The Cave,The Bone Skull,The Angel,,,
The Cave,The Bone Skull,The Torch,,,
The Cave,The Bone Skull,The Lightning,,,
The Cave,The Bone Skull,The Starling,,,
The Cave,The Bone Skull,The Moon,,,
The Cave,The Bone Skull,The Sun,,,
The Cave,The Bone Skull,The Well,,,
The Cave,The Bone Skull,The Mountain,,,
The Cave,The Bone Skull,Atlas,,,
The Cave,The Bone Skull,The Hawk,,,
The Cave,The Bone Skull,The Storm,,,
The Cave,The Bone Skull,The Vulture,,,
The Cave,The Bone Skull,The Eye of Horus,,,
The Cave,The Bone Skull,The Goat,,,
The Cave,The Bone Skull,The Harpy,,,
The Cave,The Wheel,The Mirror,,,
The Cave,The Wheel,The Bat,,,
The Cave,The Wheel,The Thorn,,,
The Cave,The Wheel,The Angel,,,
The Cave,The Wheel,The Torch,,,
The Cave,The Wheel,The Lightning,,,
The Cave,The Wheel,The Starling,,,
The Cave,The Wheel,The Moon,,,
The Cave,The Wheel,The Sun,,,
The Cave,The Wheel,The Well,,,
The Cave,The Wheel,The Mountain,,,
The Cave,The Wheel,Atlas,,,
The Cave,The Wheel,The Hawk,,,
The Cave,The Wheel,The Storm,,,
The Cave,The Wheel,The Vulture,,,
The Cave,The Wheel,The Eye of Horus,,,
The Cave,The Wheel,The Goat,,,
The Cave,The Wheel,The Harpy,,,
The Cave,The Mirror,The Bat,,,
The Cave,The Mirror,The Thorn,,,
The Cave,The Mirror,The Angel,,,
The Cave,The Mirror,The Torch,,,
The Cave,The Mirror,The Lightning,,,
The Cave,The Mirror,The Starling,,,
The Cave,The Mirror,The Moon,,,
The Cave,The Mirror,The Sun,,,
The Cave,The Mirror,The Well,,,
The Cave,The Mirror,The Mountain,,,
The Cave,The Mirror,Atlas,,,
The Cave,The Mirror,The Hawk,,,
The Cave,The Mirror,The Storm,,,
The Cave,The Mirror,The Vulture,,,
The Cave,The Mirror,The Eye of Horus,,,
The Cave,The Mirror,The Goat,,,
The Cave,The Mirror,The Harpy,,,
The Cave,The Bat,The Thorn,,,
The Cave,The Bat,The Angel,,,
The Cave,The Bat,The Torch,,,
The Cave,The Bat,The Lightning,,,
The Cave,The Bat,The Starling,,,
The Cave,The Bat,The Moon,,,
The Cave,The Bat,The Sun,,,
The Cave,The Bat,The Well,,,
The Cave,The Bat,The Mountain,,,
The Cave,The Bat,Atlas,,,
The Cave,The Bat,The Hawk,,,
The Cave,The Bat,The Storm,,,
The Cave,The Bat,The Vulture,,,
The Cave,The Bat,The Eye of Horus,,,
The Cave,The Bat,The Goat,,,
The Cave,The Bat,The Harpy,,,
The Cave,The Thorn,The Angel,,,
The Cave,The Thorn,The Torch,,,
The Cave,The Thorn,The Lightning,,,
The Cave,The Thorn,The Starling,,,
The Cave,The Thorn,The Moon,,,
The Cave,The Thorn,The Sun,,,
The Cave,The Thorn,The Well,,,
The Cave,The Thorn,The Mountain,,,
The Cave,The Thorn,Atlas,,,
The Cave,The Thorn,The Hawk,,,
The Cave,The Thorn,The Storm,,,
The Cave,The Thorn,The Vulture,,,
The Cave,The Thorn,The Eye of Horus,,,
The Cave,The Thorn,The Goat,,,
The Cave,The Thorn,The Harpy,,,
The Cave,The Angel,The Torch,,,
The Cave,The Angel,The Lightning,,,
The Cave,The Angel,The Starling,,,
The Cave,The Angel,The Moon,,,
The Cave,The Angel,The Sun,,,
The Cave,The Angel,The Well,,,
The Cave,The Angel,The Mountain,,,
The Cave,The Angel,Atlas,,,
The Cave,The Angel,The Hawk,,,
The Cave,The Angel,The Storm,,,
The Cave,The Angel,The Vulture,,,
The Cave,The Angel,The Eye of Horus,,,
The Cave,The Angel,The Goat,,,
The Cave,The Angel,The Harpy,,,
The Cave,The Torch,The Lightning,,,
The Cave,The Torch,The Starling,,,
The Cave,The Torch,The Moon,,,
The Cave,The Torch,The Sun,,,
The Cave,The Torch,The Well,,,
The Cave,The Torch,The Mountain,,,
The Cave,The Torch,Atlas,,,
The Cave,The Torch,The Hawk,,,
The Cave,The Torch,The Storm,,,
The Cave,The Torch,The Vulture,,,
The Cave,The Torch,The Eye of Horus,,,
The Cave,The Torch,The Goat,,,
The Cave,The Torch,The Harpy,,,
The Cave,The Lightning,The Starling,,,
The Cave,The Lightning,The Moon,,,
The Cave,The Lightning,The Sun,,,
The Cave,The Lightning,The Well,,,
The Cave,The Lightning,The Mountain,,,
The Cave,The Lightning,Atlas,,,
The Cave,The Lightning,The Hawk,,,
The Cave,The Lightning,The Storm,,,
The Cave,The Lightning,The Vulture,,,
The Cave,The Lightning,The Eye of Horus,,,
The Cave,The Lightning,The Goat,,,
The Cave,The Lightning,The Harpy,,,
The Cave,The Starling,The Moon,,,
The Cave,The Starling,The Sun,,,
The Cave,The Starling,The Well,,,
The Cave,The Starling,The Mountain,,,
The Cave,The Starling,Atlas,,,
The Cave,The Starling,The Hawk,,,
The Cave,The Starling,The Storm,,,
The Cave,The Starling,The Vulture,,,
The Cave,The Starling,The Eye of Horus,,,
The Cave,The Starling,The Goat,,,
The Cave,The Starling,The Harpy,,,
The Cave,The Moon,The Sun,,,
The Cave,The Moon,The Well,,,
The Cave,The Moon,The Mountain,,,
The Cave,The Moon,Atlas,,,
The Cave,The Moon,The Hawk,,,
The Cave,The Moon,The Storm,,,
The Cave,The Moon,The Vulture,,,
The Cave,The Moon,The Eye of Horus,,,
The Cave,The Moon,The Goat,,,
The Cave,The Moon,The Harpy,,,
The Cave,The Sun,The Well,,,
The Cave,The Sun,The Mountain,,,
The Cave,The Sun,Atlas,,,
The Cave,The Sun,The Hawk,,,
The Cave,The Sun,The Storm,,,
The Cave,The Sun,The Vulture,,,
The Cave,The Sun,The Eye of Horus,,,
The Cave,The Sun,The Goat,,,
The Cave,The Sun,The Harpy,,,
The Cave,The Well,The Mountain,,,
The Cave,The Well,Atlas,,,
The Cave,The Well,The Hawk,,,
The Cave,The Well,The Storm,,,
The Cave,The Well,The Vulture,,,
The Cave,The Well,The Eye of Horus,,,
The Cave,The Well,The Goat,,,
The Cave,The Well,The Harpy,,,
The Cave,The Mountain,Atlas,,,
The Cave,The Mountain,The Hawk,,,
The Cave,The Mountain,The Storm,,,
The Cave,The Mountain,The Vulture,,,
The Cave,The Mountain,The Eye of Horus,,,
The Cave,The Mountain,The Goat,,,
The Cave,The Mountain,The Harpy,,,
The Cave,Atlas,The Hawk,,,
The Cave,Atlas,The Storm,,,
The Cave,Atlas,The Vulture,,,
The Cave,Atlas,The Eye of Horus,,,
The Cave,Atlas,The Goat,,,
The Cave,Atlas,The Harpy,,,
The Cave,The Hawk,The Storm,,,
The Cave,The Hawk,The Vulture,,,
The Cave,The Hawk,The Eye of Horus,,,
The Cave,The Hawk,The Goat,,,
The Cave,The Hawk,The Harpy,,,
The Cave,The Storm,The Vulture,,,
The Cave,The Storm,The Eye of Horus,,,
The Cave,The Storm,The Goat,,,
The Cave,The Storm,The Harpy,,,
The Cave,The Vulture,The Eye of Horus,,,
The Cave,The Vulture,The Goat,,,
The Cave,The Vulture,The Harpy,,,
The Cave,The Eye of Horus,The Goat,,,
The Cave,The Eye of Horus,The Harpy,,,
The Cave,The Goat,The Harpy,,,
The Bone Skull,The Wheel,The Mirror,,,
The Bone Skull,The Wheel,The Bat,,,
The Bone Skull,The Wheel,The Thorn,,,
The Bone Skull,The Wheel,The Angel,,,
The Bone Skull,The Wheel,The Torch,,,
The Bone Skull,The Wheel,The Lightning,,,
The Bone Skull,The Wheel,The Starling,,,
The Bone Skull,The Wheel,The Moon,,,
The Bone Skull,The Wheel,The Sun,,,
The Bone Skull,The Wheel,The Well,,,
The Bone Skull,The Wheel,The Mountain,,,
The Bone Skull,The Wheel,Atlas,,,
The Bone Skull,The Wheel,The Hawk,,,
The Bone Skull,The Wheel,The Storm,,,
The Bone Skull,The Wheel,The Vulture,,,
The Bone Skull,The Wheel,The Eye of Horus,,,
The Bone Skull,The Wheel,The Goat,,,
The Bone Skull,The Wheel,The Harpy,,,
The Bone Skull,The Mirror,The Bat,,,
The Bone Skull,The Mirror,The Thorn,,,
The Bone Skull,The Mirror,The Angel,,,
The Bone Skull,The Mirror,The Torch,,,
The Bone Skull,The Mirror,The Lightning,,,
The Bone Skull,The Mirror,The Starling,,,
The Bone Skull,The Mirror,The Moon,,,
The Bone Skull,The Mirror,The Sun,,,
The Bone Skull,The Mirror,The Well,,,
The Bone Skull,The Mirror,The Mountain,,,
The Bone Skull,The Mirror,Atlas,,,
The Bone Skull,The Mirror,The Hawk,,,
The Bone Skull,The Mirror,The Storm,,,
The Bone Skull,The Mirror,The Vulture,,,
The Bone Skull,The Mirror,The Eye of Horus,,,
The Bone Skull,The Mirror,The Goat,,,
The Bone Skull,The Mirror,The Harpy,,,
The Bone Skull,The Bat,The Thorn,,,
The Bone Skull,The Bat,The Angel,,,
The Bone Skull,The Bat,The Torch,,,
The Bone Skull,The Bat,The Lightning,,,
The Bone Skull,The Bat,The Starling,,,
The Bone Skull,The Bat,The Moon,,,
The Bone Skull,The Bat,The Sun,,,
The Bone Skull,The Bat,The Well,,,
The Bone Skull,The Bat,The Mountain,,,
The Bone Skull,The Bat,Atlas,,,
The Bone Skull,The Bat,The Hawk,,,
The Bone Skull,The Bat,The Storm,,,
The Bone Skull,The Bat,The Vulture,,,
The Bone Skull,The Bat,The Eye of Horus,,,
The Bone Skull,The Bat,The Goat,,,
The Bone Skull,The Bat,The Harpy,,,
The Bone Skull,The Thorn,The Angel,,,
The Bone Skull,The Thorn,The Torch,,,
The Bone Skull,The Thorn,The Lightning,,,
The Bone Skull,The Thorn,The Starling,,,
The Bone Skull,The Thorn,The Moon,,,
The Bone Skull,The Thorn,The Sun,,,
The Bone Skull,The Thorn,The Well,,,
The Bone Skull,The Thorn,The Mountain,,,
The Bone Skull,The Thorn,Atlas,,,
The Bone Skull,The Thorn,The Hawk,,,
The Bone Skull,The Thorn,The Storm,,,
The Bone Skull,The Thorn,The Vulture,,,
The Bone Skull,The Thorn,The Eye of Horus,,,
The Bone Skull,The Thorn,The Goat,,,
The Bone Skull,The Thorn,The Harpy,,,
The Bone Skull,The Angel,The Torch,,,
The Bone Skull,The Angel,The Lightning,,,
The Bone Skull,The Angel,The Starling,,,
The Bone Skull,The Angel,The Moon,,,
The Bone Skull,The Angel,The Sun,,,
The Bone Skull,The Angel,The Well,,,
The Bone Skull,The Angel,The Mountain,,,
The Bone Skull,The Angel,Atlas,,,
The Bone Skull,The Angel,The Hawk,,,
The Bone Skull,The Angel,The Storm,,,
The Bone Skull,The Angel,The Vulture,,,
The Bone Skull,The Angel,The Eye of Horus,,,
The Bone Skull,The Angel,The Goat,,,
The Bone Skull,The Angel,The Harpy,,,
The Bone Skull,The Torch,The Lightning,,,
The Bone Skull,The Torch,The Starling,,,
The Bone Skull,The Torch,The Moon,,,
The Bone Skull,The Torch,The Sun,,,
The Bone Skull,The Torch,The Well,,,
The Bone Skull,The Torch,The Mountain,,,
The Bone Skull,The Torch,Atlas,,,
The Bone Skull,The Torch,The Hawk,,,
The Bone Skull,The Torch,The Storm,,,
The Bone Skull,The Torch,The Vulture,,,
The Bone Skull,The Torch,The Eye of Horus,,,
The Bone Skull,The Torch,The Goat,,,
The Bone Skull,The Torch,The Harpy,,,
The Bone Skull,The Lightning,The Starling,,,
The Bone Skull,The Lightning,The Moon,,,
The Bone Skull,The Lightning,The Sun,,,
The Bone Skull,The Lightning,The Well,,,
The Bone Skull,The Lightning,The Mountain,,,
The Bone Skull,The Lightning,Atlas,,,
The Bone Skull,The Lightning,The Hawk,,,
The Bone Skull,The Lightning,The Storm,,,
The Bone Skull,The Lightning,The Vulture,,,
The Bone Skull,The Lightning,The Eye of Horus,,,
The Bone Skull,The Lightning,The Goat,,,
The Bone Skull,The Lightning,The Harpy,,,
The Bone Skull,The Starling,The Moon,,,
The Bone Skull,The Starling,The Sun,,,
The Bone Skull,The Starling,The Well,,,
The Bone Skull,The Starling,The Mountain,,,
The Bone Skull,The Starling,Atlas,,,
The Bone Skull,The Starling,The Hawk,,,
The Bone Skull,The Starling,The Storm,,,
The Bone Skull,The Starling,The Vulture,,,
The Bone Skull,The Starling,The Eye of Horus,,,
The Bone Skull,The Starling,The Goat,,,
The Bone Skull,The Starling,The Harpy,,,
The Bone Skull,The Moon,The Sun,,,
The Bone Skull,The Moon,The Well,,,
The Bone Skull,The Moon,The Mountain,,,
The Bone Skull,The Moon,Atlas,,,
The Bone Skull,The Moon,The Hawk,,,
The Bone Skull,The Moon,The Storm,,,
The Bone Skull,The Moon,The Vulture,,,
The Bone Skull,The Moon,The Eye of Horus,,,
The Bone Skull,The Moon,The Goat,,,
The Bone Skull,The Moon,The Harpy,,,
The Bone Skull,The Sun,The Well,,,
The Bone Skull,The Sun,The Mountain,,,
The Bone Skull,The Sun,Atlas,,,
The Bone Skull,The Sun,The Hawk,,,
The Bone Skull,The Sun,The Storm,,,
The Bone Skull,The Sun,The Vulture,,,
The Bone Skull,The Sun,The Eye of Horus,,,
The Bone Skull,The Sun,The Goat,,,
The Bone Skull,The Sun,The Harpy,,,
The Bone Skull,The Well,The Mountain,,,
The Bone Skull,The Well,Atlas,,,
The Bone Skull,The Well,The Hawk,,,
The Bone Skull,The Well,The Storm,,,
The Bone Skull,The Well,The Vulture,,,
The Bone Skull,The Well,The Eye of Horus,,,
The Bone Skull,The Well,The Goat,,,
The Bone Skull,The Well,The Harpy,,,
The Bone Skull,The Mountain,Atlas,,,
The Bone Skull,The Mountain,The Hawk,,,
The Bone Skull,The Mountain,The Storm,,,
The Bone Skull,The Mountain,The Vulture,,,
The Bone Skull,The Mountain,The Eye of Horus,,,
The Bone Skull,The Mountain,The Goat,,,
The Bone Skull,The Mountain,The Harpy,,,
The Bone Skull,Atlas,The Hawk,,,
The Bone Skull,Atlas,The Storm,,,
The Bone Skull,Atlas,The Vulture,,,
The Bone Skull,Atlas,The Eye of Horus,,,
The Bone Skull,Atlas,The Goat,,,
The Bone Skull,Atlas,The Harpy,,,
The Bone Skull,The Hawk,The Storm,,,
The Bone Skull,The Hawk,The Vulture,,,
The Bone Skull,The Hawk,The Eye of Horus,,,
The Bone Skull,The Hawk,The Goat,,,
The Bone Skull,The Hawk,The Harpy,,,
The Bone Skull,The Storm,The Vulture,,,
The Bone Skull,The Storm,The Eye of Horus,,,
The Bone Skull,The Storm,The Goat,,,
The Bone Skull,The Storm,The Harpy,,,
The Bone Skull,The Vulture,The Eye of Horus,,,
The Bone Skull,The Vulture,The Goat,,,
The Bone Skull,The Vulture,The Harpy,,,
The Bone Skull,The Eye of Horus,The Goat,,,
The Bone Skull,The Eye of Horus,The Harpy,,,
The Bone Skull,The Goat,The Harpy,,,
The Wheel,The Mirror,The Bat,,,
The Wheel,The Mirror,The Thorn,,,
The Wheel,The Mirror,The Angel,,,
The Wheel,The Mirror,The Torch,,,
The Wheel,The Mirror,The Lightning,,,
The Wheel,The Mirror,The Starling,,,
The Wheel,The Mirror,The Moon,,,
The Wheel,The Mirror,The Sun,,,
The Wheel,The Mirror,The Well,,,
The Wheel,The Mirror,The Mountain,,,
The Wheel,The Mirror,Atlas,,,
The Wheel,The Mirror,The Hawk,,,
The Wheel,The Mirror,The Storm,,,
The Wheel,The Mirror,The Vulture,,,
The Wheel,The Mirror,The Eye of Horus,,,
The Wheel,The Mirror,The Goat,,,
The Wheel,The Mirror,The Harpy,,,
The Wheel,The Bat,The Thorn,,,
The Wheel,The Bat,The Angel,,,
The Wheel,The Bat,The Torch,,,
The Wheel,The Bat,The Lightning,,,
The Wheel,The Bat,The Starling,,,
The Wheel,The Bat,The Moon,,,
The Wheel,The Bat,The Sun,,,
The Wheel,The Bat,The Well,,,
The Wheel,The Bat,The Mountain,,,
The Wheel,The Bat,Atlas,,,
The Wheel,The Bat,The Hawk,,,
The Wheel,The Bat,The Storm,,,
The Wheel,The Bat,The Vulture,,,
The Wheel,The Bat,The Eye of Horus,,,
The Wheel,The Bat,The Goat,,,
The Wheel,The Bat,The Harpy,,,
The Wheel,The Thorn,The Angel,,,
The Wheel,The Thorn,The Torch,,,
The Wheel,The Thorn,The Lightning,,,
The Wheel,The Thorn,The Starling,,,
The Wheel,The Thorn,The Moon,,,
The Wheel,The Thorn,The Sun,,,
The Wheel,The Thorn,The Well,,,
The Wheel,The Thorn,The Mountain,,,
The Wheel,The Thorn,Atlas,,,
The Wheel,The Thorn,The Hawk,,,
The Wheel,The Thorn,The Storm,,,
The Wheel,The Thorn,The Vulture,,,
The Wheel,The Thorn,The Eye of Horus,,,
The Wheel,The Thorn,The Goat,,,
The Wheel,The Thorn,The Harpy,,,
The Wheel,The Angel,The Torch,,,
The Wheel,The Angel,The Lightning,,,
The Wheel,The Angel,The Starling,,,
The Wheel,The Angel,The Moon,,,
The Wheel,The Angel,The Sun,,,
The Wheel,The Angel,The Well,,,
The Wheel,The Angel,The Mountain,,,
The Wheel,The Angel,Atlas,,,
The Wheel,The Angel,The Hawk,,,
The Wheel,The Angel,The Storm,,,
The Wheel,The Angel,The Vulture,,,
The Wheel,The Angel,The Eye of Horus,,,
The Wheel,The Angel,The Goat,,,
The Wheel,The Angel,The Harpy,,,
The Wheel,The Torch,The Lightning,,,
The Wheel,The Torch,The Starling,,,
The Wheel,The Torch,The Moon,,,
The Wheel,The Torch,The Sun,,,
The Wheel,The Torch,The Well,,,
The Wheel,The Torch,The Mountain,,,
The Wheel,The Torch,Atlas,,,
The Wheel,The Torch,The Hawk,,,
The Wheel,The Torch,The Storm,,,
The Wheel,The Torch,The Vulture,,,
The Wheel,The Torch,The Eye of Horus,,,
The Wheel,The Torch,The Goat,,,
The Wheel,The Torch,The Harpy,,,
The Wheel,The Lightning,The Starling,,,
The Wheel,The Lightning,The Moon,,,
The Wheel,The Lightning,The Sun,,,
The Wheel,The Lightning,The Well,,,
The Wheel,The Lightning,The Mountain,,,
The Wheel,The Lightning,Atlas,,,
The Wheel,The Lightning,The Hawk,,,
The Wheel,The Lightning,The Storm,,,
The Wheel,The Lightning,The Vulture,,,
The Wheel,The Lightning,The Eye of Horus,,,
The Wheel,The Lightning,The Goat,,,
The Wheel,The Lightning,The Harpy,,,
The Wheel,The Starling,The Moon,,,
The Wheel,The Starling,The Sun,,,
The Wheel,The Starling,The Well,,,
The Wheel,The Starling,The Mountain,,,
The Wheel,The Starling,Atlas,,,
The Wheel,The Starling,The Hawk,,,
The Wheel,The Starling,The Storm,,,
The Wheel,The Starling,The Vulture,,,
The Wheel,The Starling,The Eye of Horus,,,
The Wheel,The Starling,The Goat,,,
The Wheel,The Starling,The Harpy,,,
The Wheel,The Moon,The Sun,,,
The Wheel,The Moon,The Well,,,
The Wheel,The Moon,The Mountain,,,
The Wheel,The Moon,Atlas,,,
The Wheel,The Moon,The Hawk,,,
The Wheel,The Moon,The Storm,,,
The Wheel,The Moon,The Vulture,,,
The Wheel,The Moon,The Eye of Horus,,,
The Wheel,The Moon,The Goat,,,
The Wheel,The Moon,The Harpy,,,
The Wheel,The Sun,The Well,,,
The Wheel,The Sun,The Mountain,,,
The Wheel,The Sun,Atlas,,,
The Wheel,The Sun,The Hawk,,,
The Wheel,The Sun,The Storm,,,
The Wheel,The Sun,The Vulture,,,
The Wheel,The Sun,The Eye of Horus,,,
The Wheel,The Sun,The Goat,,,
The Wheel,The Sun,The Harpy,,,
The Wheel,The Well,The Mountain,,,
The Wheel,The Well,Atlas,,,
The Wheel,The Well,The Hawk,,,
The Wheel,The Well,The Storm,,,
The Wheel,The Well,The Vulture,,,
The Wheel,The Well,The Eye of Horus,,,
The Wheel,The Well,The Goat,,,
The Wheel,The Well,The Harpy,,,
The Wheel,The Mountain,Atlas,,,
The Wheel,The Mountain,The Hawk,,,
The Wheel,The Mountain,The Storm,,,
The Wheel,The Mountain,The Vulture,,,
The Wheel,The Mountain,The Eye of Horus,,,
The Wheel,The Mountain,The Goat,,,
The Wheel,The Mountain,The Harpy,,,
The Wheel,Atlas,The Hawk,,,
The Wheel,Atlas,The Storm,,,
The Wheel,Atlas,The Vulture,,,
The Wheel,Atlas,The Eye of Horus,,,
The Wheel,Atlas,The Goat,,,
The Wheel,Atlas,The Harpy,,,
The Wheel,The Hawk,The Storm,,,
The Wheel,The Hawk,The Vulture,,,
The Wheel,The Hawk,The Eye of Horus,,,
The Wheel,The Hawk,The Goat,,,
The Wheel,The Hawk,The Harpy,,,
The Wheel,The Storm,The Vulture,,,
The Wheel,The Storm,The Eye of Horus,,,
The Wheel,The Storm,The Goat,,,
The Wheel,The Storm,The Harpy,,,
The Wheel,The Vulture,The Eye of Horus,,,
The Wheel,The Vulture,The Goat,,,
The Wheel,The Vulture,The Harpy,,,
The Wheel,The Eye of Horus,The Goat,,,
The Wheel,The Eye of Horus,The Harpy,,,
The Wheel,The Goat,The Harpy,,,
The Mirror,The Bat,The Thorn,,,
The Mirror,The Bat,The Angel,,,
The Mirror,The Bat,The Torch,,,
The Mirror,The Bat,The Lightning,,,
The Mirror,The Bat,The Starling,,,
The Mirror,The Bat,The Moon,,,
The Mirror,The Bat,The Sun,,,
The Mirror,The Bat,The Well,,,
The Mirror,The Bat,The Mountain,,,
The Mirror,The Bat,Atlas,,,
The Mirror,The Bat,The Hawk,,,
The Mirror,The Bat,The Storm,,,
The Mirror,The Bat,The Vulture,,,
The Mirror,The Bat,The Eye of Horus,,,
The Mirror,The Bat,The Goat,,,
The Mirror,The Bat,The Harpy,,,
The Mirror,The Thorn,The Angel,,,
The Mirror,The Thorn,The Torch,,,
The Mirror,The Thorn,The Lightning,,,
The Mirror,The Thorn,The Starling,,,
The Mirror,The Thorn,The Moon,,,
The Mirror,The Thorn,The Sun,,,
The Mirror,The Thorn,The Well,,,
The Mirror,The Thorn,The Mountain,,,
The Mirror,The Thorn,Atlas,,,
The Mirror,The Thorn,The Hawk,,,
The Mirror,The Thorn,The Storm,,,
The Mirror,The Thorn,The Vulture,,,
The Mirror,The Thorn,The Eye of Horus,,,
The Mirror,The Thorn,The Goat,,,
The Mirror,The Thorn,The Harpy,,,
The Mirror,The Angel,The Torch,,,
The Mirror,The Angel,The Lightning,,,
The Mirror,The Angel,The Starling,,,
The Mirror,The Angel,The Moon,,,
The Mirror,The Angel,The Sun,,,
The Mirror,The Angel,The Well,,,
The Mirror,The Angel,The Mountain,,,
The Mirror,The Angel,Atlas,,,
The Mirror,The Angel,The Hawk,,,
The Mirror,The Angel,The Storm,,,
The Mirror,The Angel,The Vulture,,,
The Mirror,The Angel,The Eye of Horus,,,
The Mirror,The Angel,The Goat,,,
The Mirror,The Angel,The Harpy,,,
The Mirror,The Torch,The Lightning,,,
The Mirror,The Torch,The Starling,,,
The Mirror,The Torch,The Moon,,,
The Mirror,The Torch,The Sun,,,
The Mirror,The Torch,The Well,,,
The Mirror,The Torch,The Mountain,,,
The Mirror,The Torch,Atlas,,,
The Mirror,The Torch,The Hawk,,,
The Mirror,The Torch,The Storm,,,
The Mirror,The Torch,The Vulture,,,
The Mirror,The Torch,The Eye of Horus,,,
The Mirror,The Torch,The Goat,,,
The Mirror,The Torch,The Harpy,,,
The Mirror,The Lightning,The Starling,,,
The Mirror,The Lightning,The Moon,,,
The Mirror,The Lightning,The Sun,,,
The Mirror,The Lightning,The Well,,,
The Mirror,The Lightning,The Mountain,,,
The Mirror,The Lightning,Atlas,,,
The Mirror,The Lightning,The Hawk,,,
The Mirror,The Lightning,The Storm,,,
The Mirror,The Lightning,The Vulture,,,
The Mirror,The Lightning,The Eye of Horus,,,
The Mirror,The Lightning,The Goat,,,
The Mirror,The Lightning,The Harpy,,,
The Mirror,The Starling,The Moon,,,
The Mirror,The Starling,The Sun,,,
The Mirror,The Starling,The Well,,,
The Mirror,The Starling,The Mountain,,,
The Mirror,The Starling,Atlas,,,
The Mirror,The Starling,The Hawk,,,
The Mirror,The Starling,The Storm,,,
The Mirror,The Starling,The Vulture,,,
The Mirror,The Starling,The Eye of Horus,,,
The Mirror,The Starling,The Goat,,,
The Mirror,The Starling,The Harpy,,,
The Mirror,The Moon,The Sun,,,
The Mirror,The Moon,The Well,,,
The Mirror,The Moon,The Mountain,,,
The Mirror,The Moon,Atlas,,,
The Mirror,The Moon,The Hawk,,,
The Mirror,The Moon,The Storm,,,
The Mirror,The Moon,The Vulture,,,
The Mirror,The Moon,The Eye of Horus,,,
The Mirror,The Moon,The Goat,,,
The Mirror,The Moon,The Harpy,,,
The Mirror,The Sun,The Well,,,
The Mirror,The Sun,The Mountain,,,
The Mirror,The Sun,Atlas,,,
The Mirror,The Sun,The Hawk,,,
The Mirror,The Sun,The Storm,,,
The Mirror,The Sun,The Vulture,,,
The Mirror,The Sun,The Eye of Horus,,,
The Mirror,The Sun,The Goat,,,
The Mirror,The Sun,The Harpy,,,
The Mirror,The Well,The Mountain,,,
The Mirror,The Well,Atlas,,,
The Mirror,The Well,The Hawk,,,
The Mirror,The Well,The Storm,,,
The Mirror,The Well,The Vulture,,,
The Mirror,The Well,The Eye of Horus,,,
The Mirror,The Well,The Goat,,,
The Mirror,The Well,The Harpy,,,
The Mirror,The Mountain,Atlas,,,
The Mirror,The Mountain,The Hawk,,,
The Mirror,The Mountain,The Storm,,,
The Mirror,The Mountain,The Vulture,,,
The Mirror,The Mountain,The Eye of Horus,,,
The Mirror,The Mountain,The Goat,,,
The Mirror,The Mountain,The Harpy,,,
The Mirror,Atlas,The Hawk,,,
The Mirror,Atlas,The Storm,,,
The Mirror,Atlas,The Vulture,,,
The Mirror,Atlas,The Eye of Horus,,,
The Mirror,Atlas,The Goat,,,
The Mirror,Atlas,The Harpy,,,
The Mirror,The Hawk,The Storm,,,
The Mirror,The Hawk,The Vulture,,,
The Mirror,The Hawk,The Eye of Horus,,,
The Mirror,The Hawk,The Goat,,,
The Mirror,The Hawk,The Harpy,,,
The Mirror,The Storm,The Vulture,,,
The Mirror,The Storm,The Eye of Horus,,,
The Mirror,The Storm,The Goat,,,
The Mirror,The Storm,The Harpy,,,
The Mirror,The Vulture,The Eye of Horus,,,
The Mirror,The Vulture,The Goat,,,
The Mirror,The Vulture,The Harpy,,,
The Mirror,The Eye of Horus,The Goat,,,
The Mirror,The Eye of Horus,The Harpy,,,
The Mirror,The Goat,The Harpy,,,
The Bat,The Thorn,The Angel,,,
The Bat,The Thorn,The Torch,,,
The Bat,The Thorn,The Lightning,,,
The Bat,The Thorn,The Starling,,,
The Bat,The Thorn,The Moon,,,
The Bat,The Thorn,The Sun,,,
The Bat,The Thorn,The Well,,,
The Bat,The Thorn,The Mountain,,,
The Bat,The Thorn,Atlas,,,
The Bat,The Thorn,The Hawk,,,
The Bat,The Thorn,The Storm,,,
The Bat,The Thorn,The Vulture,,,
The Bat,The Thorn,The Eye of Horus,,,
The Bat,The Thorn,The Goat,,,
The Bat,The Thorn,The Harpy,,,
The Bat,The Angel,The Torch,,,
The Bat,The Angel,The Lightning,,,
The Bat,The Angel,The Starling,,,
The Bat,The Angel,The Moon,,,
The Bat,The Angel,The Sun,,,
The Bat,The Angel,The Well,,,
The Bat,The Angel,The Mountain,,,
The Bat,The Angel,Atlas,,,
The Bat,The Angel,The Hawk,,,
The Bat,The Angel,The Storm,,,
The Bat,The Angel,The Vulture,,,
The Bat,The Angel,The Eye of Horus,,,
The Bat,The Angel,The Goat,,,
The Bat,The Angel,The Harpy,,,
The Bat,The Torch,The Lightning,,,
The Bat,The Torch,The Starling,,,
The Bat,The Torch,The Moon,,,
The Bat,The Torch,The Sun,,,
The Bat,The Torch,The Well,,,
The Bat,The Torch,The Mountain,,,
The Bat,The Torch,Atlas,,,
The Bat,The Torch,The Hawk,,,
The Bat,The Torch,The Storm,,,
The Bat,The Torch,The Vulture,,,
The Bat,The Torch,The Eye of Horus,,,
The Bat,The Torch,The Goat,,,
The Bat,The Torch,The Harpy,,,
The Bat,The Lightning,The Starling,,,
The Bat,The Lightning,The Moon,,,
The Bat,The Lightning,The Sun,,,
The Bat,The Lightning,The Well,,,
The Bat,The Lightning,The Mountain,,,
The Bat,The Lightning,Atlas,,,
The Bat,The Lightning,The Hawk,,,
The Bat,The Lightning,The Storm,,,
The Bat,The Lightning,The Vulture,,,
The Bat,The Lightning,The Eye of Horus,,,
The Bat,The Lightning,The Goat,,,
The Bat,The Lightning,The Harpy,,,
The Bat,The Starling,The Moon,,,
The Bat,The Starling,The Sun,,,
The Bat,The Starling,The Well,,,
The Bat,The Starling,The Mountain,,,
The Bat,The Starling,Atlas,,,
The Bat,The Starling,The Hawk,,,
The Bat,The Starling,The Storm,,,
The Bat,The Starling,The Vulture,,,
The Bat,The Starling,The Eye of Horus,,,
The Bat,The Starling,The Goat,,,
The Bat,The Starling,The Harpy,,,
The Bat,The Moon,The Sun,,,
The Bat,The Moon,The Well,,,
The Bat,The Moon,The Mountain,,,
The Bat,The Moon,Atlas,,,
The Bat,The Moon,The Hawk,,,
The Bat,The Moon,The Storm,,,
The Bat,The Moon,The Vulture,,,
The Bat,The Moon,The Eye of Horus,,,
The Bat,The Moon,The Goat,,,
The Bat,The Moon,The Harpy,,,
The Bat,The Sun,The Well,,,
The Bat,The Sun,The Mountain,,,
The Bat,The Sun,Atlas,,,
The Bat,The Sun,The Hawk,,,
The Bat,The Sun,The Storm,,,
The Bat,The Sun,The Vulture,,,
The Bat,The Sun,The Eye of Horus,,,
The Bat,The Sun,The Goat,,,
The Bat,The Sun,The Harpy,,,
The Bat,The Well,The Mountain,,,
The Bat,The Well,Atlas,,,
The Bat,The Well,The Hawk,,,
The Bat,The Well,The Storm,,,
The Bat,The Well,The Vulture,,,
The Bat,The Well,The Eye of Horus,,,
The Bat,The Well,The Goat,,,
The Bat,The Well,The Harpy,,,
The Bat,The Mountain,Atlas,,,
The Bat,The Mountain,The Hawk,,,
The Bat,The Mountain,The Storm,,,
The Bat,The Mountain,The Vulture,,,
The Bat,The Mountain,The Eye of Horus,,,
The Bat,The Mountain,The Goat,,,
The Bat,The Mountain,The Harpy,,,
The Bat,Atlas,The Hawk,,,
The Bat,Atlas,The Storm,,,
The Bat,Atlas,The Vulture,,,
The Bat,Atlas,The Eye of Horus,,,
The Bat,Atlas,The Goat,,,
The Bat,Atlas,The Harpy,,,
The Bat,The Hawk,The Storm,,,
The Bat,The Hawk,The Vulture,,,
The Bat,The Hawk,The Eye of Horus,,,
The Bat,The Hawk,The Goat,,,
The Bat,The Hawk,The Harpy,,,
The Bat,The Storm,The Vulture,,,
The Bat,The Storm,The Eye of Horus,,,
The Bat,The Storm,The Goat,,,
The Bat,The Storm,The Harpy,,,
The Bat,The Vulture,The Eye of Horus,,,
The Bat,The Vulture,The Goat,,,
The Bat,The Vulture,The Harpy,,,
The Bat,The Eye of Horus,The Goat,,,
The Bat,The Eye of Horus,The Harpy,,,
The Bat,The Goat,The Harpy,,,
The Thorn,The Angel,The Torch,,,
The Thorn,The Angel,The Lightning,,,
The Thorn,The Angel,The Starling,,,
The Thorn,The Angel,The Moon,,,
The Thorn,The Angel,The Sun,,,
The Thorn,The Angel,The Well,,,
The Thorn,The Angel,The Mountain,,,
The Thorn,The Angel,Atlas,,,
The Thorn,The Angel,The Hawk,,,
The Thorn,The Angel,The Storm,,,
The Thorn,The Angel,The Vulture,,,
The Thorn,The Angel,The Eye of Horus,,,
The Thorn,The Angel,The Goat,,,
The Thorn,The Angel,The Harpy,,,
The Thorn,The Torch,The Lightning,,,
The Thorn,The Torch,The Starling,,,
The Thorn,The Torch,The Moon,,,
The Thorn,The Torch,The Sun,,,
The Thorn,The Torch,The Well,,,
The Thorn,The Torch,The Mountain,,,
The Thorn,The Torch,Atlas,,,
The Thorn,The Torch,The Hawk,,,
The Thorn,The Torch,The Storm,,,
The Thorn,The Torch,The Vulture,,,
The Thorn,The Torch,The Eye of Horus,,,
The Thorn,The Torch,The Goat,,,
The Thorn,The Torch,The Harpy,,,
The Thorn,The Lightning,The Starling,,,
The Thorn,The Lightning,The Moon,,,
The Thorn,The Lightning,The Sun,,,
The Thorn,The Lightning,The Well,,,
The Thorn,The Lightning,The Mountain,,,
The Thorn,The Lightning,Atlas,,,
The Thorn,The Lightning,The Hawk,,,
The Thorn,The Lightning,The Storm,,,
The Thorn,The Lightning,The Vulture,,,
The Thorn,The Lightning,The Eye of Horus,,,
The Thorn,The Lightning,The Goat,,,
The Thorn,The Lightning,The Harpy,,,
The Thorn,The Starling,The Moon,,,
The Thorn,The Starling,The Sun,,,
The Thorn,The Starling,The Well,,,
The Thorn,The Starling,The Mountain,,,
The Thorn,The Starling,Atlas,,,
The Thorn,The Starling,The Hawk,,,
The Thorn,The Starling,The Storm,,,
The Thorn,The Starling,The Vulture,,,
The Thorn,The Starling,The Eye of Horus,,,
The Thorn,The Starling,The Goat,,,
The Thorn,The Starling,The Harpy,,,
The Thorn,The Moon,The Sun,,,
The Thorn,The Moon,The Well,,,
The Thorn,The Moon,The Mountain,,,
The Thorn,The Moon,Atlas,,,
The Thorn,The Moon,The Hawk,,,
The Thorn,The Moon,The Storm,,,
The Thorn,The Moon,The Vulture,,,
The Thorn,The Moon,The Eye of Horus,,,
The Thorn,The Moon,The Goat,,,
The Thorn,The Moon,The Harpy,,,
The Thorn,The Sun,The Well,,,
The Thorn,The Sun,The Mountain,,,
The Thorn,The Sun,Atlas,,,
The Thorn,The Sun,The Hawk,,,
The Thorn,The Sun,The Storm,,,
The Thorn,The Sun,The Vulture,,,
The Thorn,The Sun,The Eye of Horus,,,
The Thorn,The Sun,The Goat,,,
The Thorn,The Sun,The Harpy,,,
The Thorn,The Well,The Mountain,,,
The Thorn,The Well,Atlas,,,
The Thorn,The Well,The Hawk,,,
The Thorn,The Well,The Storm,,,
The Thorn,The Well,The Vulture,,,
The Thorn,The Well,The Eye of Horus,,,
The Thorn,The Well,The Goat,,,
The Thorn,The Well,The Harpy,,,
The Thorn,The Mountain,Atlas,,,
The Thorn,The Mountain,The Hawk,,,
The Thorn,The Mountain,The Storm,,,
The Thorn,The Mountain,The Vulture,,,
The Thorn,The Mountain,The Eye of Horus,,,
The Thorn,The Mountain,The Goat,,,
The Thorn,The Mountain,The Harpy,,,
The Thorn,Atlas,The Hawk,,,
The Thorn,Atlas,The Storm,,,
The Thorn,Atlas,The Vulture,,,
The Thorn,Atlas,The Eye of Horus,,,
The Thorn,Atlas,The Goat,,,
The Thorn,Atlas,The Harpy,,,
The Thorn,The Hawk,The Storm,,,
The Thorn,The Hawk,The Vulture,,,
The Thorn,The Hawk,The Eye of Horus,,,
The Thorn,The Hawk,The Goat,,,
The Thorn,The Hawk,The Harpy,,,
The Thorn,The Storm,The Vulture,,,
The Thorn,The Storm,The Eye of Horus,,,
The Thorn,The Storm,The Goat,,,
The Thorn,The Storm,The Harpy,,,
The Thorn,The Vulture,The Eye of Horus,,,
The Thorn,The Vulture,The Goat,,,
The Thorn,The Vulture,The Harpy,,,
The Thorn,The Eye of Horus,The Goat,,,
The Thorn,The Eye of Horus,The Harpy,,,
The Thorn,The Goat,The Harpy,,,
The Angel,The Torch,The Lightning,,,
The Angel,The Torch,The Starling,,,
The Angel,The Torch,The Moon,,,
The Angel,The Torch,The Sun,,,
The Angel,The Torch,The Well,,,
The Angel,The Torch,The Mountain,,,
The Angel,The Torch,Atlas,,,
The Angel,The Torch,The Hawk,,,
The Angel,The Torch,The Storm,,,
The Angel,The Torch,The Vulture,,,
The Angel,The Torch,The Eye of Horus,,,
The Angel,The Torch,The Goat,,,
The Angel,The Torch,The Harpy,,,
The Angel,The Lightning,The Starling,,,
The Angel,The Lightning,The Moon,,,
The Angel,The Lightning,The Sun,,,
The Angel,The Lightning,The Well,,,
The Angel,The Lightning,The Mountain,,,
The Angel,The Lightning,Atlas,,,
The Angel,The Lightning,The Hawk,,,
The Angel,The Lightning,The Storm,,,
The Angel,The Lightning,The Vulture,,,
The Angel,The Lightning,The Eye of Horus,,,
The Angel,The Lightning,The Goat,,,
The Angel,The Lightning,The Harpy,,,
The Angel,The Starling,The Moon,,,
The Angel,The Starling,The Sun,,,
The Angel,The Starling,The Well,,,
The Angel,The Starling,The Mountain,,,
The Angel,The Starling,Atlas,,,
The Angel,The Starling,The Hawk,,,
The Angel,The Starling,The Storm,,,
The Angel,The Starling,The Vulture,,,
The Angel,The Starling,The Eye of Horus,,,
The Angel,The Starling,The Goat,,,
The Angel,The Starling,The Harpy,,,
The Angel,The Moon,The Sun,,,
The Angel,The Moon,The Well,,,
The Angel,The Moon,The Mountain,,,
The Angel,The Moon,Atlas,,,
The Angel,The Moon,The Hawk,,,
The Angel,The Moon,The Storm,,,
The Angel,The Moon,The Vulture,,,
The Angel,The Moon,The Eye of Horus,,,
The Angel,The Moon,The Goat,,,
The Angel,The Moon,The Harpy,,,
The Angel,The Sun,The Well,,,
The Angel,The Sun,The Mountain,,,
The Angel,The Sun,Atlas,,,
The Angel,The Sun,The Hawk,,,
The Angel,The Sun,The Storm,,,
The Angel,The Sun,The Vulture,,,
The Angel,The Sun,The Eye of Horus,,,
The Angel,The Sun,The Goat,,,
The Angel,The Sun,The Harpy,,,
The Angel,The Well,The Mountain,,,
The Angel,The Well,Atlas,,,
The Angel,The Well,The Hawk,,,
The Angel,The Well,The Storm,,,
The Angel,The Well,The Vulture,,,
The Angel,The Well,The Eye of Horus,,,
The Angel,The Well,The Goat,,,
The Angel,The Well,The Harpy,,,
The Angel,The Mountain,Atlas,,,
The Angel,The Mountain,The Hawk,,,
The Angel,The Mountain,The Storm,,,
The Angel,The Mountain,The Vulture,,,
The Angel,The Mountain,The Eye of Horus,,,
The Angel,The Mountain,The Goat,,,
The Angel,The Mountain,The Harpy,,,
The Angel,Atlas,The Hawk,,,
The Angel,Atlas,The Storm,,,
The Angel,Atlas,The Vulture,,,
The Angel,Atlas,The Eye of Horus,,,
The Angel,Atlas,The Goat,,,
The Angel,Atlas,The Harpy,,,
The Angel,The Hawk,The Storm,,,
The Angel,The Hawk,The Vulture,,,
The Angel,The Hawk,The Eye of Horus,,,
The Angel,The Hawk,The Goat,,,
The Angel,The Hawk,The Harpy,,,
The Angel,The Storm,The Vulture,,,
The Angel,The Storm,The Eye of Horus,,,
The Angel,The Storm,The Goat,,,
The Angel,The Storm,The Harpy,,,
The Angel,The Vulture,The Eye of Horus,,,
The Angel,The Vulture,The Goat,,,
The Angel,The Vulture,The Harpy,,,
The Angel,The Eye of Horus,The Goat,,,
The Angel,The Eye of Horus,The Harpy,,,
The Angel,The Goat,The Harpy,,,
The Torch,The Lightning,The Starling,,,
The Torch,The Lightning,The Moon,,,
The Torch,The Lightning,The Sun,,,
The Torch,The Lightning,The Well,,,
The Torch,The Lightning,The Mountain,,,
The Torch,The Lightning,Atlas,,,
The Torch,The Lightning,The Hawk,,,
The Torch,The Lightning,The Storm,,,
The Torch,The Lightning,The Vulture,,,
The Torch,The Lightning,The Eye of Horus,,,
The Torch,The Lightning,The Goat,,,
The Torch,The Lightning,The Harpy,,,
The Torch,The Starling,The Moon,,,
The Torch,The Starling,The Sun,,,
The Torch,The Starling,The Well,,,
The Torch,The Starling,The Mountain,,,
The Torch,The Starling,Atlas,,,
The Torch,The Starling,The Hawk,,,
The Torch,The Starling,The Storm,,,
The Torch,The Starling,The Vulture,,,
The Torch,The Starling,The Eye of Horus,,,
The Torch,The Starling,The Goat,,,
The Torch,The Starling,The Harpy,,,
The Torch,The Moon,The Sun,,,
The Torch,The Moon,The Well,,,
The Torch,The Moon,The Mountain,,,
The Torch,The Moon,Atlas,,,
The Torch,The Moon,The Hawk,,,
The Torch,The Moon,The Storm,,,
The Torch,The Moon,The Vulture,,,
The Torch,The Moon,The Eye of Horus,,,
The Torch,The Moon,The Goat,,,
The Torch,The Moon,The Harpy,,,
The Torch,The Sun,The Well,,,
The Torch,The Sun,The Mountain,,,
The Torch,The Sun,Atlas,,,
The Torch,The Sun,The Hawk,,,
The Torch,The Sun,The Storm,,,
The Torch,The Sun,The Vulture,,,
The Torch,The Sun,The Eye of Horus,,,
The Torch,The Sun,The Goat,,,
The Torch,The Sun,The Harpy,,,
The Torch,The Well,The Mountain,,,
The Torch,The Well,Atlas,,,
The Torch,The Well,The Hawk,,,
The Torch,The Well,The Storm,,,
The Torch,The Well,The Vulture,,,
The Torch,The Well,The Eye of Horus,,,
The Torch,The Well,The Goat,,,
The Torch,The Well,The Harpy,,,
The Torch,The Mountain,Atlas,,,
The Torch,The Mountain,The Hawk,,,
The Torch,The Mountain,The Storm,,,
The Torch,The Mountain,The Vulture,,,
The Torch,The Mountain,The Eye of Horus,,,
The Torch,The Mountain,The Goat,,,
The Torch,The Mountain,The Harpy,,,
The Torch,Atlas,The Hawk,,,
The Torch,Atlas,The Storm,,,
The Torch,Atlas,The Vulture,,,
The Torch,Atlas,The Eye of Horus,,,
The Torch,Atlas,The Goat,,,
The Torch,Atlas,The Harpy,,,
The Torch,The Hawk,The Storm,,,
The Torch,The Hawk,The Vulture,,,
The Torch,The Hawk,The Eye of Horus,,,
The Torch,The Hawk,The Goat,,,
The Torch,The Hawk,The Harpy,,,
The Torch,The Storm,The Vulture,,,
The Torch,The Storm,The Eye of Horus,,,
The Torch,The Storm,The Goat,,,
The Torch,The Storm,The Harpy,,,
The Torch,The Vulture,The Eye of Horus,,,
The Torch,The Vulture,The Goat,,,
The Torch,The Vulture,The Harpy,,,
The Torch,The Eye of Horus,The Goat,,,
The Torch,The Eye of Horus,The Harpy,,,
The Torch,The Goat,The Harpy,,,
The Lightning,The Starling,The Moon,,,
The Lightning,The Starling,The Sun,,,
The Lightning,The Starling,The Well,,,
The Lightning,The Starling,The Mountain,,,
The Lightning,The Starling,Atlas,,,
The Lightning,The Starling,The Hawk,,,
The Lightning,The Starling,The Storm,,,
The Lightning,The Starling,The Vulture,,,
The Lightning,The Starling,The Eye of Horus,,,
The Lightning,The Starling,The Goat,,,
The Lightning,The Starling,The Harpy,,,
The Lightning,The Moon,The Sun,,,
The Lightning,The Moon,The Well,,,
The Lightning,The Moon,The Mountain,,,
The Lightning,The Moon,Atlas,,,
The Lightning,The Moon,The Hawk,,,
The Lightning,The Moon,The Storm,,,
The Lightning,The Moon,The Vulture,,,
The Lightning,The Moon,The Eye of Horus,,,
The Lightning,The Moon,The Goat,,,
The Lightning,The Moon,The Harpy,,,
The Lightning,The Sun,The Well,,,
The Lightning,The Sun,The Mountain,,,
The Lightning,The Sun,Atlas,,,
The Lightning,The Sun,The Hawk,,,
The Lightning,The Sun,The Storm,,,
The Lightning,The Sun,The Vulture,,,
The Lightning,The Sun,The Eye of Horus,,,
The Lightning,The Sun,The Goat,,,
The Lightning,The Sun,The Harpy,,,
The Lightning,The Well,The Mountain,,,
The Lightning,The Well,Atlas,,,
The Lightning,The Well,The Hawk,,,
The Lightning,The Well,The Storm,,,
The Lightning,The Well,The Vulture,,,
The Lightning,The Well,The Eye of Horus,,,
The Lightning,The Well,The Goat,,,
The Lightning,The Well,The Harpy,,,
The Lightning,The Mountain,Atlas,,,
The Lightning,The Mountain,The Hawk,,,
The Lightning,The Mountain,The Storm,,,
The Lightning,The Mountain,The Vulture,,,
The Lightning,The Mountain,The Eye of Horus,,,
The Lightning,The Mountain,The Goat,,,
The Lightning,The Mountain,The Harpy,,,
The Lightning,Atlas,The Hawk,,,
The Lightning,Atlas,The Storm,,,
The Lightning,Atlas,The Vulture,,,
The Lightning,Atlas,The Eye of Horus,,,
The Lightning,Atlas,The Goat,,,
The Lightning,Atlas,The Harpy,,,
The Lightning,The Hawk,The Storm,,,
The Lightning,The Hawk,The Vulture,,,
The Lightning,The Hawk,The Eye of Horus,,,
The Lightning,The Hawk,The Goat,,,
The Lightning,The Hawk,The Harpy,,,
The Lightning,The Storm,The Vulture,,,
The Lightning,The Storm,The Eye of Horus,,,
The Lightning,The Storm,The Goat,,,
The Lightning,The Storm,The Harpy,,,
The Lightning,The Vulture,The Eye of Horus,,,
The Lightning,The Vulture,The Goat,,,
The Lightning,The Vulture,The Harpy,,,
The Lightning,The Eye of Horus,The Goat,,,
The Lightning,The Eye of Horus,The Harpy,,,
The Lightning,The Goat,The Harpy,,,
The Starling,The Moon,The Sun,,,
The Starling,The Moon,The Well,,,
The Starling,The Moon,The Mountain,,,
The Starling,The Moon,Atlas,,,
The Starling,The Moon,The Hawk,,,
The Starling,The Moon,The Storm,,,
The Starling,The Moon,The Vulture,,,
The Starling,The Moon,The Eye of Horus,,,
The Starling,The Moon,The Goat,,,
The Starling,The Moon,The Harpy,,,
The Starling,The Sun,The Well,,,
The Starling,The Sun,The Mountain,,,
The Starling,The Sun,Atlas,,,
The Starling,The Sun,The Hawk,,,
The Starling,The Sun,The Storm,,,
The Starling,The Sun,The Vulture,,,
The Starling,The Sun,The Eye of Horus,,,
The Starling,The Sun,The Goat,,,
The Starling,The Sun,The Harpy,,,
The Starling,The Well,The Mountain,,,
The Starling,The Well,Atlas,,,
The Starling,The Well,The Hawk,,,
The Starling,The Well,The Storm,,,
The Starling,The Well,The Vulture,,,
The Starling,The Well,The Eye of Horus,,,
The Starling,The Well,The Goat,,,
The Starling,The Well,The Harpy,,,
The Starling,The Mountain,Atlas,,,
The Starling,The Mountain,The Hawk,,,
The Starling,The Mountain,The Storm,,,
The Starling,The Mountain,The Vulture,,,
The Starling,The Mountain,The Eye of Horus,,,
The Starling,The Mountain,The Goat,,,
The Starling,The Mountain,The Harpy,,,
The Starling,Atlas,The Hawk,,,
The Starling,Atlas,The Storm,,,
The Starling,Atlas,The Vulture,,,
The Starling,Atlas,The Eye of Horus,,,
The Starling,Atlas,The Goat,,,
The Starling,Atlas,The Harpy,,,
The Starling,The Hawk,The Storm,,,
The Starling,The Hawk,The Vulture,,,
The Starling,The Hawk,The Eye of Horus,,,
The Starling,The Hawk,The Goat,,,
The Starling,The Hawk,The Harpy,,,
The Starling,The Storm,The Vulture,,,
The Starling,The Storm,The Eye of Horus,,,
The Starling,The Storm,The Goat,,,
The Starling,The Storm,The Harpy,,,
The Starling,The Vulture,The Eye of Horus,,,
The Starling,The Vulture,The Goat,,,
The Starling,The Vulture,The Harpy,,,
The Starling,The Eye of Horus,The Goat,,,
The Starling,The Eye of Horus,The Harpy,,,
The Starling,The Goat,The Harpy,,,
The Moon,The Sun,The Well,,,
The Moon,The Sun,The Mountain,,,
The Moon,The Sun,Atlas,,,
The Moon,The Sun,The Hawk,,,
The Moon,The Sun,The Storm,,,
The Moon,The Sun,The Vulture,,,
The Moon,The Sun,The Eye of Horus,,,
The Moon,The Sun,The Goat,,,
The Moon,The Sun,The Harpy,,,
The Moon,The Well,The Mountain,,,
The Moon,The Well,Atlas,,,
The Moon,The Well,The Hawk,,,
The Moon,The Well,The Storm,,,
The Moon,The Well,The Vulture,,,
The Moon,The Well,The Eye of Horus,,,
The Moon,The Well,The Goat,,,
The Moon,The Well,The Harpy,,,
The Moon,The Mountain,Atlas,,,
The Moon,The Mountain,The Hawk,,,
The Moon,The Mountain,The Storm,,,
The Moon,The Mountain,The Vulture,,,
The Moon,The Mountain,The Eye of Horus,,,
The Moon,The Mountain,The Goat,,,
The Moon,The Mountain,The Harpy,,,
The Moon,Atlas,The Hawk,,,
The Moon,Atlas,The Storm,,,
The Moon,Atlas,The Vulture,,,
The Moon,Atlas,The Eye of Horus,,,
The Moon,Atlas,The Goat,,,
The Moon,Atlas,The Harpy,,,
The Moon,The Hawk,The Storm,,,
The Moon,The Hawk,The Vulture,,,
The Moon,The Hawk,The Eye of Horus,,,
The Moon,The Hawk,The Goat,,,
The Moon,The Hawk,The Harpy,,,
The Moon,The Storm,The Vulture,,,
The Moon,The Storm,The Eye of Horus,,,
The Moon,The Storm,The Goat,,,
The Moon,The Storm,The Harpy,,,
The Moon,The Vulture,The Eye of Horus,,,
The Moon,The Vulture,The Goat,,,
The Moon,The Vulture,The Harpy,,,
The Moon,The Eye of Horus,The Goat,,,
The Moon,The Eye of Horus,The Harpy,,,
The Moon,The Goat,The Harpy,,,
The Sun,The Well,The Mountain,,,
The Sun,The Well,Atlas,,,
The Sun,The Well,The Hawk,,,
The Sun,The Well,The Storm,,,
The Sun,The Well,The Vulture,,,
The Sun,The Well,The Eye of Horus,,,
The Sun,The Well,The Goat,,,
The Sun,The Well,The Harpy,,,
The Sun,The Mountain,Atlas,,,
The Sun,The Mountain,The Hawk,,,
The Sun,The Mountain,The Storm,,,
The Sun,The Mountain,The Vulture,,,
The Sun,The Mountain,The Eye of Horus,,,
The Sun,The Mountain,The Goat,,,
The Sun,The Mountain,The Harpy,,,
The Sun,Atlas,The Hawk,,,
The Sun,Atlas,The Storm,,,
The Sun,Atlas,The Vulture,,,
The Sun,Atlas,The Eye of Horus,,,
The Sun,Atlas,The Goat,,,
The Sun,Atlas,The Harpy,,,
The Sun,The Hawk,The Storm,,,
The Sun,The Hawk,The Vulture,,,
The Sun,The Hawk,The Eye of Horus,,,
The Sun,The Hawk,The Goat,,,
The Sun,The Hawk,The Harpy,,,
The Sun,The Storm,The Vulture,,,
The Sun,The Storm,The Eye of Horus,,,
The Sun,The Storm,The Goat,,,
The Sun,The Storm,The Harpy,,,
The Sun,The Vulture,The Eye of Horus,,,
The Sun,The Vulture,The Goat,,,
The Sun,The Vulture,The Harpy,,,
The Sun,The Eye of Horus,The Goat,,,
The Sun,The Eye of Horus,The Harpy,,,
The Sun,The Goat,The Harpy,,,
The Well,The Mountain,Atlas,,,
The Well,The Mountain,The Hawk,,,
The Well,The Mountain,The Storm,,,
The Well,The Mountain,The Vulture,,,
The Well,The Mountain,The Eye of Horus,,,
The Well,The Mountain,The Goat,,,
The Well,The Mountain,The Harpy,,,
The Well,Atlas,The Hawk,,,
The Well,Atlas,The Storm,,,
The Well,Atlas,The Vulture,,,
The Well,Atlas,The Eye of Horus,,,
The Well,Atlas,The Goat,,,
The Well,Atlas,The Harpy,,,
The Well,The Hawk,The Storm,,,
The Well,The Hawk,The Vulture,,,
The Well,The Hawk,The Eye of Horus,,,
The Well,The Hawk,The Goat,,,
The Well,The Hawk,The Harpy,,,
The Well,The Storm,The Vulture,,,
The Well,The Storm,The Eye of Horus,,,
The Well,The Storm,The Goat,,,
The Well,The Storm,The Harpy,,,
The Well,The Vulture,The Eye of Horus,,,
The Well,The Vulture,The Goat,,,
The Well,The Vulture,The Harpy,,,
The Well,The Eye of Horus,The Goat,,,
The Well,The Eye of Horus,The Harpy,,,
The Well,The Goat,The Harpy,,,
The Mountain,Atlas,The Hawk,,,
The Mountain,Atlas,The Storm,,,
The Mountain,Atlas,The Vulture,,,
The Mountain,Atlas,The Eye of Horus,,,
The Mountain,Atlas,The Goat,,,
The Mountain,Atlas,The Harpy,,,
The Mountain,The Hawk,The Storm,,,
The Mountain,The Hawk,The Vulture,,,
The Mountain,The Hawk,The Eye of Horus,,,
The Mountain,The Hawk,The Goat,,,
The Mountain,The Hawk,The Harpy,,,
The Mountain,The Storm,The Vulture,,,
The Mountain,The Storm,The Eye of Horus,,,
The Mountain,The Storm,The Goat,,,
The Mountain,The Storm,The Harpy,,,
The Mountain,The Vulture,The Eye of Horus,,,
The Mountain,The Vulture,The Goat,,,
The Mountain,The Vulture,The Harpy,,,
The Mountain,The Eye of Horus,The Goat,,,
The Mountain,The Eye of Horus,The Harpy,,,
The Mountain,The Goat,The Harpy,,,
Atlas,The Hawk,The Storm,,,
Atlas,The Hawk,The Vulture,,,
Atlas,The Hawk,The Eye of Horus,,,
Atlas,The Hawk,The Goat,,,
Atlas,The Hawk,The Harpy,,,
Atlas,The Storm,The Vulture,,,
Atlas,The Storm,The Eye of Horus,,,
Atlas,The Storm,The Goat,,,
Atlas,The Storm,The Harpy,,,
Atlas,The Vulture,The Eye of Horus,,,
Atlas,The Vulture,The Goat,,,
Atlas,The Vulture,The Harpy,,,
Atlas,The Eye of Horus,The Goat,,,
Atlas,The Eye of Horus,The Harpy,,,
Atlas,The Goat,The Harpy,,,
The Hawk,The Storm,The Vulture,,,
The Hawk,The Storm,The Eye of Horus,,,
The Hawk,The Storm,The Goat,,,
The Hawk,The Storm,The Harpy,,,
The Hawk,The Vulture,The Eye of Horus,,,
The Hawk,The Vulture,The Goat,,,
The Hawk,The Vulture,The Harpy,,,
The Hawk,The Eye of Horus,The Goat,,,
The Hawk,The Eye of Horus,The Harpy,,,
The Hawk,The Goat,The Harpy,,,
The Storm,The Vulture,The Eye of Horus,,,
The Storm,The Vulture,The Goat,,,
The Storm,The Vulture,The Harpy,,,
The Storm,The Eye of Horus,The Goat,,,
The Storm,The Eye of Horus,The Harpy,,,
The Storm,The Goat,The Harpy,,,
The Vulture,The Eye of Horus,The Goat,,,
The Vulture,The Eye of Horus,The Harpy,,,
The Vulture,The Goat,The Harpy,,,
The Eye of Horus,The Goat,The Harpy,,,
